semana,dia_semana,hora,zona,capacidad,ocupados,prob_ocupado
0,0,6,A,6,1,0.167
0,0,6,B,4,1,0.25
0,0,6,C,6,0,0.0
0,0,6,D,4,0,0.0
0,0,7,A,6,2,0.333
0,0,7,B,4,0,0.0
0,0,7,C,6,2,0.333
0,0,7,D,4,1,0.25
0,0,8,A,6,2,0.333
0,0,8,B,4,3,0.75
0,0,8,C,6,2,0.333
0,0,8,D,4,1,0.25
0,0,9,A,6,2,0.333
0,0,9,B,4,1,0.25
0,0,9,C,6,2,0.333
0,0,9,D,4,2,0.5
0,0,10,A,6,2,0.333
0,0,10,B,4,0,0.0
0,0,10,C,6,2,0.333
0,0,10,D,4,0,0.0
0,0,11,A,6,3,0.5
0,0,11,B,4,1,0.25
0,0,11,C,6,2,0.333
0,0,11,D,4,0,0.0
0,0,12,A,6,3,0.5
0,0,12,B,4,2,0.5
0,0,12,C,6,1,0.167
0,0,12,D,4,0,0.0
0,0,13,A,6,4,0.667
0,0,13,B,4,1,0.25
0,0,13,C,6,2,0.333
0,0,13,D,4,1,0.25
0,0,14,A,6,2,0.333
0,0,14,B,4,1,0.25
0,0,14,C,6,2,0.333
0,0,14,D,4,1,0.25
0,0,15,A,6,2,0.333
0,0,15,B,4,1,0.25
0,0,15,C,6,1,0.167
0,0,15,D,4,0,0.0
0,0,16,A,6,2,0.333
0,0,16,B,4,0,0.0
0,0,16,C,6,2,0.333
0,0,16,D,4,0,0.0
0,0,17,A,6,2,0.333
0,0,17,B,4,1,0.25
0,0,17,C,6,0,0.0
0,0,17,D,4,0,0.0
0,0,18,A,6,1,0.167
0,0,18,B,4,0,0.0
0,0,18,C,6,1,0.167
0,0,18,D,4,0,0.0
0,1,6,A,6,1,0.167
0,1,6,B,4,0,0.0
0,1,6,C,6,1,0.167
0,1,6,D,4,0,0.0
0,1,7,A,6,2,0.333
0,1,7,B,4,2,0.5
0,1,7,C,6,2,0.333
0,1,7,D,4,2,0.5
0,1,8,A,6,4,0.667
0,1,8,B,4,0,0.0
0,1,8,C,6,2,0.333
0,1,8,D,4,1,0.25
0,1,9,A,6,3,0.5
0,1,9,B,4,1,0.25
0,1,9,C,6,3,0.5
0,1,9,D,4,2,0.5
0,1,10,A,6,1,0.167
0,1,10,B,4,1,0.25
0,1,10,C,6,2,0.333
0,1,10,D,4,2,0.5
0,1,11,A,6,3,0.5
0,1,11,B,4,1,0.25
0,1,11,C,6,1,0.167
0,1,11,D,4,1,0.25
0,1,12,A,6,2,0.333
0,1,12,B,4,2,0.5
0,1,12,C,6,2,0.333
0,1,12,D,4,0,0.0
0,1,13,A,6,2,0.333
0,1,13,B,4,2,0.5
0,1,13,C,6,4,0.667
0,1,13,D,4,1,0.25
0,1,14,A,6,2,0.333
0,1,14,B,4,0,0.0
0,1,14,C,6,2,0.333
0,1,14,D,4,2,0.5
0,1,15,A,6,2,0.333
0,1,15,B,4,1,0.25
0,1,15,C,6,2,0.333
0,1,15,D,4,0,0.0
0,1,16,A,6,2,0.333
0,1,16,B,4,0,0.0
0,1,16,C,6,2,0.333
0,1,16,D,4,1,0.25
0,1,17,A,6,1,0.167
0,1,17,B,4,1,0.25
0,1,17,C,6,2,0.333
0,1,17,D,4,1,0.25
0,1,18,A,6,1,0.167
0,1,18,B,4,0,0.0
0,1,18,C,6,1,0.167
0,1,18,D,4,0,0.0
0,2,6,A,6,1,0.167
0,2,6,B,4,1,0.25
0,2,6,C,6,1,0.167
0,2,6,D,4,1,0.25
0,2,7,A,6,3,0.5
0,2,7,B,4,0,0.0
0,2,7,C,6,2,0.333
0,2,7,D,4,0,0.0
0,2,8,A,6,4,0.667
0,2,8,B,4,1,0.25
0,2,8,C,6,3,0.5
0,2,8,D,4,1,0.25
0,2,9,A,6,3,0.5
0,2,9,B,4,1,0.25
0,2,9,C,6,2,0.333
0,2,9,D,4,1,0.25
0,2,10,A,6,2,0.333
0,2,10,B,4,1,0.25
0,2,10,C,6,1,0.167
0,2,10,D,4,1,0.25
0,2,11,A,6,1,0.167
0,2,11,B,4,0,0.0
0,2,11,C,6,2,0.333
0,2,11,D,4,1,0.25
0,2,12,A,6,3,0.5
0,2,12,B,4,1,0.25
0,2,12,C,6,1,0.167
0,2,12,D,4,0,0.0
0,2,13,A,6,3,0.5
0,2,13,B,4,2,0.5
0,2,13,C,6,3,0.5
0,2,13,D,4,1,0.25
0,2,14,A,6,3,0.5
0,2,14,B,4,0,0.0
0,2,14,C,6,2,0.333
0,2,14,D,4,1,0.25
0,2,15,A,6,2,0.333
0,2,15,B,4,2,0.5
0,2,15,C,6,1,0.167
0,2,15,D,4,1,0.25
0,2,16,A,6,2,0.333
0,2,16,B,4,0,0.0
0,2,16,C,6,1,0.167
0,2,16,D,4,0,0.0
0,2,17,A,6,1,0.167
0,2,17,B,4,0,0.0
0,2,17,C,6,2,0.333
0,2,17,D,4,1,0.25
0,2,18,A,6,2,0.333
0,2,18,B,4,1,0.25
0,2,18,C,6,0,0.0
0,2,18,D,4,0,0.0
0,3,6,A,6,1,0.167
0,3,6,B,4,0,0.0
0,3,6,C,6,1,0.167
0,3,6,D,4,1,0.25
0,3,7,A,6,3,0.5
0,3,7,B,4,1,0.25
0,3,7,C,6,1,0.167
0,3,7,D,4,1,0.25
0,3,8,A,6,4,0.667
0,3,8,B,4,1,0.25
0,3,8,C,6,2,0.333
0,3,8,D,4,1,0.25
0,3,9,A,6,2,0.333
0,3,9,B,4,2,0.5
0,3,9,C,6,0,0.0
0,3,9,D,4,1,0.25
0,3,10,A,6,1,0.167
0,3,10,B,4,1,0.25
0,3,10,C,6,2,0.333
0,3,10,D,4,1,0.25
0,3,11,A,6,2,0.333
0,3,11,B,4,1,0.25
0,3,11,C,6,2,0.333
0,3,11,D,4,0,0.0
0,3,12,A,6,3,0.5
0,3,12,B,4,1,0.25
0,3,12,C,6,2,0.333
0,3,12,D,4,0,0.0
0,3,13,A,6,3,0.5
0,3,13,B,4,1,0.25
0,3,13,C,6,2,0.333
0,3,13,D,4,1,0.25
0,3,14,A,6,3,0.5
0,3,14,B,4,1,0.25
0,3,14,C,6,2,0.333
0,3,14,D,4,2,0.5
0,3,15,A,6,2,0.333
0,3,15,B,4,1,0.25
0,3,15,C,6,2,0.333
0,3,15,D,4,2,0.5
0,3,16,A,6,0,0.0
0,3,16,B,4,0,0.0
0,3,16,C,6,1,0.167
0,3,16,D,4,0,0.0
0,3,17,A,6,2,0.333
0,3,17,B,4,0,0.0
0,3,17,C,6,0,0.0
0,3,17,D,4,0,0.0
0,3,18,A,6,1,0.167
0,3,18,B,4,0,0.0
0,3,18,C,6,1,0.167
0,3,18,D,4,0,0.0
0,4,6,A,6,1,0.167
0,4,6,B,4,1,0.25
0,4,6,C,6,1,0.167
0,4,6,D,4,0,0.0
0,4,7,A,6,3,0.5
0,4,7,B,4,1,0.25
0,4,7,C,6,1,0.167
0,4,7,D,4,1,0.25
0,4,8,A,6,3,0.5
0,4,8,B,4,2,0.5
0,4,8,C,6,3,0.5
0,4,8,D,4,1,0.25
0,4,9,A,6,2,0.333
0,4,9,B,4,1,0.25
0,4,9,C,6,2,0.333
0,4,9,D,4,1,0.25
0,4,10,A,6,2,0.333
0,4,10,B,4,0,0.0
0,4,10,C,6,2,0.333
0,4,10,D,4,1,0.25
0,4,11,A,6,2,0.333
0,4,11,B,4,1,0.25
0,4,11,C,6,0,0.0
0,4,11,D,4,1,0.25
0,4,12,A,6,3,0.5
0,4,12,B,4,0,0.0
0,4,12,C,6,2,0.333
0,4,12,D,4,2,0.5
0,4,13,A,6,2,0.333
0,4,13,B,4,1,0.25
0,4,13,C,6,1,0.167
0,4,13,D,4,1,0.25
0,4,14,A,6,2,0.333
0,4,14,B,4,0,0.0
0,4,14,C,6,2,0.333
0,4,14,D,4,0,0.0
0,4,15,A,6,1,0.167
0,4,15,B,4,0,0.0
0,4,15,C,6,2,0.333
0,4,15,D,4,0,0.0
0,4,16,A,6,2,0.333
0,4,16,B,4,0,0.0
0,4,16,C,6,1,0.167
0,4,16,D,4,0,0.0
0,4,17,A,6,0,0.0
0,4,17,B,4,0,0.0
0,4,17,C,6,0,0.0
0,4,17,D,4,0,0.0
0,4,18,A,6,1,0.167
0,4,18,B,4,0,0.0
0,4,18,C,6,0,0.0
0,4,18,D,4,1,0.25
0,5,6,A,6,0,0.0
0,5,6,B,4,0,0.0
0,5,6,C,6,0,0.0
0,5,6,D,4,0,0.0
0,5,7,A,6,1,0.167
0,5,7,B,4,0,0.0
0,5,7,C,6,1,0.167
0,5,7,D,4,0,0.0
0,5,8,A,6,1,0.167
0,5,8,B,4,0,0.0
0,5,8,C,6,1,0.167
0,5,8,D,4,0,0.0
0,5,9,A,6,1,0.167
0,5,9,B,4,0,0.0
0,5,9,C,6,1,0.167
0,5,9,D,4,1,0.25
0,5,10,A,6,0,0.0
0,5,10,B,4,1,0.25
0,5,10,C,6,1,0.167
0,5,10,D,4,0,0.0
0,5,11,A,6,0,0.0
0,5,11,B,4,0,0.0
0,5,11,C,6,0,0.0
0,5,11,D,4,0,0.0
0,5,12,A,6,1,0.167
0,5,12,B,4,0,0.0
0,5,12,C,6,2,0.333
0,5,12,D,4,0,0.0
0,5,13,A,6,1,0.167
0,5,13,B,4,0,0.0
0,5,13,C,6,0,0.0
0,5,13,D,4,0,0.0
0,5,14,A,6,0,0.0
0,5,14,B,4,0,0.0
0,5,14,C,6,2,0.333
0,5,14,D,4,0,0.0
0,5,15,A,6,0,0.0
0,5,15,B,4,0,0.0
0,5,15,C,6,0,0.0
0,5,15,D,4,0,0.0
0,5,16,A,6,0,0.0
0,5,16,B,4,0,0.0
0,5,16,C,6,0,0.0
0,5,16,D,4,0,0.0
0,5,17,A,6,0,0.0
0,5,17,B,4,0,0.0
0,5,17,C,6,1,0.167
0,5,17,D,4,0,0.0
0,5,18,A,6,0,0.0
0,5,18,B,4,0,0.0
0,5,18,C,6,0,0.0
0,5,18,D,4,0,0.0
1,0,6,A,6,1,0.167
1,0,6,B,4,0,0.0
1,0,6,C,6,1,0.167
1,0,6,D,4,2,0.5
1,0,7,A,6,4,0.667
1,0,7,B,4,1,0.25
1,0,7,C,6,3,0.5
1,0,7,D,4,1,0.25
1,0,8,A,6,4,0.667
1,0,8,B,4,0,0.0
1,0,8,C,6,3,0.5
1,0,8,D,4,1,0.25
1,0,9,A,6,2,0.333
1,0,9,B,4,2,0.5
1,0,9,C,6,2,0.333
1,0,9,D,4,1,0.25
1,0,10,A,6,1,0.167
1,0,10,B,4,2,0.5
1,0,10,C,6,1,0.167
1,0,10,D,4,0,0.0
1,0,11,A,6,2,0.333
1,0,11,B,4,0,0.0
1,0,11,C,6,1,0.167
1,0,11,D,4,2,0.5
1,0,12,A,6,2,0.333
1,0,12,B,4,2,0.5
1,0,12,C,6,2,0.333
1,0,12,D,4,1,0.25
1,0,13,A,6,2,0.333
1,0,13,B,4,1,0.25
1,0,13,C,6,2,0.333
1,0,13,D,4,1,0.25
1,0,14,A,6,2,0.333
1,0,14,B,4,1,0.25
1,0,14,C,6,3,0.5
1,0,14,D,4,1,0.25
1,0,15,A,6,2,0.333
1,0,15,B,4,1,0.25
1,0,15,C,6,2,0.333
1,0,15,D,4,1,0.25
1,0,16,A,6,2,0.333
1,0,16,B,4,0,0.0
1,0,16,C,6,1,0.167
1,0,16,D,4,0,0.0
1,0,17,A,6,1,0.167
1,0,17,B,4,1,0.25
1,0,17,C,6,1,0.167
1,0,17,D,4,0,0.0
1,0,18,A,6,0,0.0
1,0,18,B,4,0,0.0
1,0,18,C,6,1,0.167
1,0,18,D,4,0,0.0
1,1,6,A,6,1,0.167
1,1,6,B,4,1,0.25
1,1,6,C,6,2,0.333
1,1,6,D,4,0,0.0
1,1,7,A,6,3,0.5
1,1,7,B,4,1,0.25
1,1,7,C,6,4,0.667
1,1,7,D,4,1,0.25
1,1,8,A,6,4,0.667
1,1,8,B,4,1,0.25
1,1,8,C,6,3,0.5
1,1,8,D,4,2,0.5
1,1,9,A,6,2,0.333
1,1,9,B,4,1,0.25
1,1,9,C,6,2,0.333
1,1,9,D,4,0,0.0
1,1,10,A,6,2,0.333
1,1,10,B,4,0,0.0
1,1,10,C,6,1,0.167
1,1,10,D,4,2,0.5
1,1,11,A,6,2,0.333
1,1,11,B,4,1,0.25
1,1,11,C,6,0,0.0
1,1,11,D,4,1,0.25
1,1,12,A,6,2,0.333
1,1,12,B,4,1,0.25
1,1,12,C,6,2,0.333
1,1,12,D,4,1,0.25
1,1,13,A,6,3,0.5
1,1,13,B,4,2,0.5
1,1,13,C,6,2,0.333
1,1,13,D,4,1,0.25
1,1,14,A,6,4,0.667
1,1,14,B,4,1,0.25
1,1,14,C,6,3,0.5
1,1,14,D,4,1,0.25
1,1,15,A,6,2,0.333
1,1,15,B,4,1,0.25
1,1,15,C,6,3,0.5
1,1,15,D,4,1,0.25
1,1,16,A,6,2,0.333
1,1,16,B,4,1,0.25
1,1,16,C,6,1,0.167
1,1,16,D,4,0,0.0
1,1,17,A,6,0,0.0
1,1,17,B,4,1,0.25
1,1,17,C,6,1,0.167
1,1,17,D,4,0,0.0
1,1,18,A,6,1,0.167
1,1,18,B,4,0,0.0
1,1,18,C,6,1,0.167
1,1,18,D,4,0,0.0
1,2,6,A,6,2,0.333
1,2,6,B,4,0,0.0
1,2,6,C,6,2,0.333
1,2,6,D,4,1,0.25
1,2,7,A,6,2,0.333
1,2,7,B,4,1,0.25
1,2,7,C,6,1,0.167
1,2,7,D,4,1,0.25
1,2,8,A,6,4,0.667
1,2,8,B,4,2,0.5
1,2,8,C,6,2,0.333
1,2,8,D,4,2,0.5
1,2,9,A,6,2,0.333
1,2,9,B,4,2,0.5
1,2,9,C,6,2,0.333
1,2,9,D,4,1,0.25
1,2,10,A,6,2,0.333
1,2,10,B,4,0,0.0
1,2,10,C,6,2,0.333
1,2,10,D,4,0,0.0
1,2,11,A,6,2,0.333
1,2,11,B,4,1,0.25
1,2,11,C,6,2,0.333
1,2,11,D,4,1,0.25
1,2,12,A,6,2,0.333
1,2,12,B,4,2,0.5
1,2,12,C,6,1,0.167
1,2,12,D,4,1,0.25
1,2,13,A,6,2,0.333
1,2,13,B,4,2,0.5
1,2,13,C,6,3,0.5
1,2,13,D,4,1,0.25
1,2,14,A,6,2,0.333
1,2,14,B,4,0,0.0
1,2,14,C,6,3,0.5
1,2,14,D,4,0,0.0
1,2,15,A,6,3,0.5
1,2,15,B,4,0,0.0
1,2,15,C,6,1,0.167
1,2,15,D,4,0,0.0
1,2,16,A,6,1,0.167
1,2,16,B,4,0,0.0
1,2,16,C,6,0,0.0
1,2,16,D,4,0,0.0
1,2,17,A,6,0,0.0
1,2,17,B,4,1,0.25
1,2,17,C,6,2,0.333
1,2,17,D,4,0,0.0
1,2,18,A,6,0,0.0
1,2,18,B,4,0,0.0
1,2,18,C,6,0,0.0
1,2,18,D,4,0,0.0
1,3,6,A,6,2,0.333
1,3,6,B,4,0,0.0
1,3,6,C,6,2,0.333
1,3,6,D,4,0,0.0
1,3,7,A,6,3,0.5
1,3,7,B,4,2,0.5
1,3,7,C,6,1,0.167
1,3,7,D,4,1,0.25
1,3,8,A,6,2,0.333
1,3,8,B,4,1,0.25
1,3,8,C,6,2,0.333
1,3,8,D,4,1,0.25
1,3,9,A,6,3,0.5
1,3,9,B,4,2,0.5
1,3,9,C,6,2,0.333
1,3,9,D,4,2,0.5
1,3,10,A,6,1,0.167
1,3,10,B,4,1,0.25
1,3,10,C,6,1,0.167
1,3,10,D,4,0,0.0
1,3,11,A,6,3,0.5
1,3,11,B,4,0,0.0
1,3,11,C,6,2,0.333
1,3,11,D,4,1,0.25
1,3,12,A,6,3,0.5
1,3,12,B,4,1,0.25
1,3,12,C,6,1,0.167
1,3,12,D,4,0,0.0
1,3,13,A,6,2,0.333
1,3,13,B,4,1,0.25
1,3,13,C,6,3,0.5
1,3,13,D,4,2,0.5
1,3,14,A,6,2,0.333
1,3,14,B,4,2,0.5
1,3,14,C,6,2,0.333
1,3,14,D,4,1,0.25
1,3,15,A,6,1,0.167
1,3,15,B,4,1,0.25
1,3,15,C,6,2,0.333
1,3,15,D,4,0,0.0
1,3,16,A,6,1,0.167
1,3,16,B,4,0,0.0
1,3,16,C,6,1,0.167
1,3,16,D,4,0,0.0
1,3,17,A,6,0,0.0
1,3,17,B,4,1,0.25
1,3,17,C,6,1,0.167
1,3,17,D,4,0,0.0
1,3,18,A,6,0,0.0
1,3,18,B,4,1,0.25
1,3,18,C,6,0,0.0
1,3,18,D,4,0,0.0
1,4,6,A,6,2,0.333
1,4,6,B,4,2,0.5
1,4,6,C,6,0,0.0
1,4,6,D,4,0,0.0
1,4,7,A,6,2,0.333
1,4,7,B,4,1,0.25
1,4,7,C,6,2,0.333
1,4,7,D,4,1,0.25
1,4,8,A,6,2,0.333
1,4,8,B,4,1,0.25
1,4,8,C,6,4,0.667
1,4,8,D,4,2,0.5
1,4,9,A,6,3,0.5
1,4,9,B,4,2,0.5
1,4,9,C,6,2,0.333
1,4,9,D,4,0,0.0
1,4,10,A,6,1,0.167
1,4,10,B,4,1,0.25
1,4,10,C,6,1,0.167
1,4,10,D,4,0,0.0
1,4,11,A,6,2,0.333
1,4,11,B,4,1,0.25
1,4,11,C,6,1,0.167
1,4,11,D,4,1,0.25
1,4,12,A,6,0,0.0
1,4,12,B,4,1,0.25
1,4,12,C,6,2,0.333
1,4,12,D,4,2,0.5
1,4,13,A,6,2,0.333
1,4,13,B,4,1,0.25
1,4,13,C,6,2,0.333
1,4,13,D,4,1,0.25
1,4,14,A,6,1,0.167
1,4,14,B,4,0,0.0
1,4,14,C,6,2,0.333
1,4,14,D,4,1,0.25
1,4,15,A,6,1,0.167
1,4,15,B,4,2,0.5
1,4,15,C,6,1,0.167
1,4,15,D,4,1,0.25
1,4,16,A,6,1,0.167
1,4,16,B,4,0,0.0
1,4,16,C,6,1,0.167
1,4,16,D,4,1,0.25
1,4,17,A,6,1,0.167
1,4,17,B,4,0,0.0
1,4,17,C,6,0,0.0
1,4,17,D,4,0,0.0
1,4,18,A,6,1,0.167
1,4,18,B,4,0,0.0
1,4,18,C,6,0,0.0
1,4,18,D,4,0,0.0
1,5,6,A,6,1,0.167
1,5,6,B,4,0,0.0
1,5,6,C,6,0,0.0
1,5,6,D,4,0,0.0
1,5,7,A,6,0,0.0
1,5,7,B,4,0,0.0
1,5,7,C,6,0,0.0
1,5,7,D,4,0,0.0
1,5,8,A,6,1,0.167
1,5,8,B,4,0,0.0
1,5,8,C,6,1,0.167
1,5,8,D,4,0,0.0
1,5,9,A,6,2,0.333
1,5,9,B,4,1,0.25
1,5,9,C,6,1,0.167
1,5,9,D,4,0,0.0
1,5,10,A,6,0,0.0
1,5,10,B,4,0,0.0
1,5,10,C,6,1,0.167
1,5,10,D,4,0,0.0
1,5,11,A,6,0,0.0
1,5,11,B,4,0,0.0
1,5,11,C,6,0,0.0
1,5,11,D,4,0,0.0
1,5,12,A,6,1,0.167
1,5,12,B,4,1,0.25
1,5,12,C,6,1,0.167
1,5,12,D,4,0,0.0
1,5,13,A,6,1,0.167
1,5,13,B,4,1,0.25
1,5,13,C,6,1,0.167
1,5,13,D,4,0,0.0
1,5,14,A,6,1,0.167
1,5,14,B,4,0,0.0
1,5,14,C,6,1,0.167
1,5,14,D,4,0,0.0
1,5,15,A,6,0,0.0
1,5,15,B,4,0,0.0
1,5,15,C,6,1,0.167
1,5,15,D,4,0,0.0
1,5,16,A,6,1,0.167
1,5,16,B,4,0,0.0
1,5,16,C,6,0,0.0
1,5,16,D,4,0,0.0
1,5,17,A,6,0,0.0
1,5,17,B,4,0,0.0
1,5,17,C,6,0,0.0
1,5,17,D,4,0,0.0
1,5,18,A,6,0,0.0
1,5,18,B,4,0,0.0
1,5,18,C,6,0,0.0
1,5,18,D,4,0,0.0
2,0,6,A,6,1,0.167
2,0,6,B,4,2,0.5
2,0,6,C,6,2,0.333
2,0,6,D,4,0,0.0
2,0,7,A,6,2,0.333
2,0,7,B,4,1,0.25
2,0,7,C,6,3,0.5
2,0,7,D,4,0,0.0
2,0,8,A,6,3,0.5
2,0,8,B,4,1,0.25
2,0,8,C,6,3,0.5
2,0,8,D,4,2,0.5
2,0,9,A,6,3,0.5
2,0,9,B,4,2,0.5
2,0,9,C,6,3,0.5
2,0,9,D,4,1,0.25
2,0,10,A,6,2,0.333
2,0,10,B,4,0,0.0
2,0,10,C,6,2,0.333
2,0,10,D,4,1,0.25
2,0,11,A,6,2,0.333
2,0,11,B,4,1,0.25
2,0,11,C,6,1,0.167
2,0,11,D,4,1,0.25
2,0,12,A,6,3,0.5
2,0,12,B,4,2,0.5
2,0,12,C,6,2,0.333
2,0,12,D,4,2,0.5
2,0,13,A,6,2,0.333
2,0,13,B,4,1,0.25
2,0,13,C,6,2,0.333
2,0,13,D,4,1,0.25
2,0,14,A,6,2,0.333
2,0,14,B,4,2,0.5
2,0,14,C,6,3,0.5
2,0,14,D,4,1,0.25
2,0,15,A,6,2,0.333
2,0,15,B,4,1,0.25
2,0,15,C,6,1,0.167
2,0,15,D,4,0,0.0
2,0,16,A,6,2,0.333
2,0,16,B,4,0,0.0
2,0,16,C,6,1,0.167
2,0,16,D,4,0,0.0
2,0,17,A,6,1,0.167
2,0,17,B,4,1,0.25
2,0,17,C,6,1,0.167
2,0,17,D,4,1,0.25
2,0,18,A,6,0,0.0
2,0,18,B,4,0,0.0
2,0,18,C,6,0,0.0
2,0,18,D,4,0,0.0
2,1,6,A,6,1,0.167
2,1,6,B,4,1,0.25
2,1,6,C,6,1,0.167
2,1,6,D,4,0,0.0
2,1,7,A,6,2,0.333
2,1,7,B,4,2,0.5
2,1,7,C,6,3,0.5
2,1,7,D,4,1,0.25
2,1,8,A,6,3,0.5
2,1,8,B,4,2,0.5
2,1,8,C,6,3,0.5
2,1,8,D,4,1,0.25
2,1,9,A,6,4,0.667
2,1,9,B,4,1,0.25
2,1,9,C,6,2,0.333
2,1,9,D,4,1,0.25
2,1,10,A,6,2,0.333
2,1,10,B,4,1,0.25
2,1,10,C,6,1,0.167
2,1,10,D,4,0,0.0
2,1,11,A,6,2,0.333
2,1,11,B,4,2,0.5
2,1,11,C,6,1,0.167
2,1,11,D,4,1,0.25
2,1,12,A,6,2,0.333
2,1,12,B,4,2,0.5
2,1,12,C,6,2,0.333
2,1,12,D,4,1,0.25
2,1,13,A,6,3,0.5
2,1,13,B,4,1,0.25
2,1,13,C,6,2,0.333
2,1,13,D,4,2,0.5
2,1,14,A,6,4,0.667
2,1,14,B,4,2,0.5
2,1,14,C,6,2,0.333
2,1,14,D,4,1,0.25
2,1,15,A,6,1,0.167
2,1,15,B,4,1,0.25
2,1,15,C,6,2,0.333
2,1,15,D,4,1,0.25
2,1,16,A,6,2,0.333
2,1,16,B,4,0,0.0
2,1,16,C,6,1,0.167
2,1,16,D,4,0,0.0
2,1,17,A,6,1,0.167
2,1,17,B,4,1,0.25
2,1,17,C,6,1,0.167
2,1,17,D,4,0,0.0
2,1,18,A,6,0,0.0
2,1,18,B,4,1,0.25
2,1,18,C,6,0,0.0
2,1,18,D,4,1,0.25
2,2,6,A,6,0,0.0
2,2,6,B,4,0,0.0
2,2,6,C,6,1,0.167
2,2,6,D,4,0,0.0
2,2,7,A,6,2,0.333
2,2,7,B,4,1,0.25
2,2,7,C,6,2,0.333
2,2,7,D,4,1,0.25
2,2,8,A,6,3,0.5
2,2,8,B,4,1,0.25
2,2,8,C,6,3,0.5
2,2,8,D,4,1,0.25
2,2,9,A,6,2,0.333
2,2,9,B,4,1,0.25
2,2,9,C,6,2,0.333
2,2,9,D,4,2,0.5
2,2,10,A,6,2,0.333
2,2,10,B,4,2,0.5
2,2,10,C,6,2,0.333
2,2,10,D,4,1,0.25
2,2,11,A,6,1,0.167
2,2,11,B,4,2,0.5
2,2,11,C,6,2,0.333
2,2,11,D,4,1,0.25
2,2,12,A,6,2,0.333
2,2,12,B,4,1,0.25
2,2,12,C,6,2,0.333
2,2,12,D,4,0,0.0
2,2,13,A,6,2,0.333
2,2,13,B,4,2,0.5
2,2,13,C,6,1,0.167
2,2,13,D,4,1,0.25
2,2,14,A,6,3,0.5
2,2,14,B,4,1,0.25
2,2,14,C,6,2,0.333
2,2,14,D,4,1,0.25
2,2,15,A,6,1,0.167
2,2,15,B,4,1,0.25
2,2,15,C,6,1,0.167
2,2,15,D,4,0,0.0
2,2,16,A,6,1,0.167
2,2,16,B,4,0,0.0
2,2,16,C,6,1,0.167
2,2,16,D,4,1,0.25
2,2,17,A,6,1,0.167
2,2,17,B,4,0,0.0
2,2,17,C,6,1,0.167
2,2,17,D,4,0,0.0
2,2,18,A,6,0,0.0
2,2,18,B,4,1,0.25
2,2,18,C,6,1,0.167
2,2,18,D,4,0,0.0
2,3,6,A,6,1,0.167
2,3,6,B,4,1,0.25
2,3,6,C,6,1,0.167
2,3,6,D,4,0,0.0
2,3,7,A,6,2,0.333
2,3,7,B,4,2,0.5
2,3,7,C,6,1,0.167
2,3,7,D,4,2,0.5
2,3,8,A,6,2,0.333
2,3,8,B,4,2,0.5
2,3,8,C,6,2,0.333
2,3,8,D,4,2,0.5
2,3,9,A,6,3,0.5
2,3,9,B,4,1,0.25
2,3,9,C,6,2,0.333
2,3,9,D,4,1,0.25
2,3,10,A,6,1,0.167
2,3,10,B,4,1,0.25
2,3,10,C,6,3,0.5
2,3,10,D,4,0,0.0
2,3,11,A,6,2,0.333
2,3,11,B,4,2,0.5
2,3,11,C,6,1,0.167
2,3,11,D,4,1,0.25
2,3,12,A,6,2,0.333
2,3,12,B,4,0,0.0
2,3,12,C,6,2,0.333
2,3,12,D,4,2,0.5
2,3,13,A,6,3,0.5
2,3,13,B,4,2,0.5
2,3,13,C,6,2,0.333
2,3,13,D,4,1,0.25
2,3,14,A,6,2,0.333
2,3,14,B,4,2,0.5
2,3,14,C,6,1,0.167
2,3,14,D,4,1,0.25
2,3,15,A,6,2,0.333
2,3,15,B,4,0,0.0
2,3,15,C,6,1,0.167
2,3,15,D,4,1,0.25
2,3,16,A,6,1,0.167
2,3,16,B,4,0,0.0
2,3,16,C,6,1,0.167
2,3,16,D,4,1,0.25
2,3,17,A,6,1,0.167
2,3,17,B,4,0,0.0
2,3,17,C,6,0,0.0
2,3,17,D,4,0,0.0
2,3,18,A,6,1,0.167
2,3,18,B,4,0,0.0
2,3,18,C,6,1,0.167
2,3,18,D,4,0,0.0
2,4,6,A,6,1,0.167
2,4,6,B,4,0,0.0
2,4,6,C,6,1,0.167
2,4,6,D,4,0,0.0
2,4,7,A,6,3,0.5
2,4,7,B,4,0,0.0
2,4,7,C,6,2,0.333
2,4,7,D,4,0,0.0
2,4,8,A,6,4,0.667
2,4,8,B,4,0,0.0
2,4,8,C,6,2,0.333
2,4,8,D,4,1,0.25
2,4,9,A,6,2,0.333
2,4,9,B,4,1,0.25
2,4,9,C,6,1,0.167
2,4,9,D,4,2,0.5
2,4,10,A,6,2,0.333
2,4,10,B,4,0,0.0
2,4,10,C,6,1,0.167
2,4,10,D,4,0,0.0
2,4,11,A,6,2,0.333
2,4,11,B,4,2,0.5
2,4,11,C,6,1,0.167
2,4,11,D,4,1,0.25
2,4,12,A,6,2,0.333
2,4,12,B,4,1,0.25
2,4,12,C,6,1,0.167
2,4,12,D,4,0,0.0
2,4,13,A,6,2,0.333
2,4,13,B,4,0,0.0
2,4,13,C,6,1,0.167
2,4,13,D,4,2,0.5
2,4,14,A,6,2,0.333
2,4,14,B,4,0,0.0
2,4,14,C,6,1,0.167
2,4,14,D,4,0,0.0
2,4,15,A,6,2,0.333
2,4,15,B,4,1,0.25
2,4,15,C,6,3,0.5
2,4,15,D,4,0,0.0
2,4,16,A,6,0,0.0
2,4,16,B,4,0,0.0
2,4,16,C,6,1,0.167
2,4,16,D,4,1,0.25
2,4,17,A,6,1,0.167
2,4,17,B,4,0,0.0
2,4,17,C,6,0,0.0
2,4,17,D,4,1,0.25
2,4,18,A,6,0,0.0
2,4,18,B,4,0,0.0
2,4,18,C,6,1,0.167
2,4,18,D,4,0,0.0
2,5,6,A,6,0,0.0
2,5,6,B,4,0,0.0
2,5,6,C,6,1,0.167
2,5,6,D,4,0,0.0
2,5,7,A,6,1,0.167
2,5,7,B,4,0,0.0
2,5,7,C,6,1,0.167
2,5,7,D,4,1,0.25
2,5,8,A,6,2,0.333
2,5,8,B,4,1,0.25
2,5,8,C,6,1,0.167
2,5,8,D,4,0,0.0
2,5,9,A,6,1,0.167
2,5,9,B,4,0,0.0
2,5,9,C,6,0,0.0
2,5,9,D,4,0,0.0
2,5,10,A,6,0,0.0
2,5,10,B,4,0,0.0
2,5,10,C,6,0,0.0
2,5,10,D,4,0,0.0
2,5,11,A,6,0,0.0
2,5,11,B,4,0,0.0
2,5,11,C,6,1,0.167
2,5,11,D,4,0,0.0
2,5,12,A,6,1,0.167
2,5,12,B,4,1,0.25
2,5,12,C,6,0,0.0
2,5,12,D,4,0,0.0
2,5,13,A,6,0,0.0
2,5,13,B,4,0,0.0
2,5,13,C,6,0,0.0
2,5,13,D,4,0,0.0
2,5,14,A,6,0,0.0
2,5,14,B,4,0,0.0
2,5,14,C,6,1,0.167
2,5,14,D,4,1,0.25
2,5,15,A,6,0,0.0
2,5,15,B,4,0,0.0
2,5,15,C,6,1,0.167
2,5,15,D,4,0,0.0
2,5,16,A,6,0,0.0
2,5,16,B,4,0,0.0
2,5,16,C,6,0,0.0
2,5,16,D,4,1,0.25
2,5,17,A,6,0,0.0
2,5,17,B,4,0,0.0
2,5,17,C,6,0,0.0
2,5,17,D,4,0,0.0
2,5,18,A,6,0,0.0
2,5,18,B,4,0,0.0
2,5,18,C,6,0,0.0
2,5,18,D,4,0,0.0
3,0,6,A,6,2,0.333
3,0,6,B,4,1,0.25
3,0,6,C,6,0,0.0
3,0,6,D,4,1,0.25
3,0,7,A,6,2,0.333
3,0,7,B,4,2,0.5
3,0,7,C,6,2,0.333
3,0,7,D,4,2,0.5
3,0,8,A,6,2,0.333
3,0,8,B,4,2,0.5
3,0,8,C,6,3,0.5
3,0,8,D,4,1,0.25
3,0,9,A,6,4,0.667
3,0,9,B,4,2,0.5
3,0,9,C,6,2,0.333
3,0,9,D,4,1,0.25
3,0,10,A,6,2,0.333
3,0,10,B,4,2,0.5
3,0,10,C,6,1,0.167
3,0,10,D,4,0,0.0
3,0,11,A,6,2,0.333
3,0,11,B,4,0,0.0
3,0,11,C,6,1,0.167
3,0,11,D,4,1,0.25
3,0,12,A,6,2,0.333
3,0,12,B,4,1,0.25
3,0,12,C,6,3,0.5
3,0,12,D,4,1,0.25
3,0,13,A,6,3,0.5
3,0,13,B,4,1,0.25
3,0,13,C,6,2,0.333
3,0,13,D,4,2,0.5
3,0,14,A,6,2,0.333
3,0,14,B,4,1,0.25
3,0,14,C,6,1,0.167
3,0,14,D,4,1,0.25
3,0,15,A,6,1,0.167
3,0,15,B,4,1,0.25
3,0,15,C,6,1,0.167
3,0,15,D,4,0,0.0
3,0,16,A,6,1,0.167
3,0,16,B,4,1,0.25
3,0,16,C,6,1,0.167
3,0,16,D,4,0,0.0
3,0,17,A,6,1,0.167
3,0,17,B,4,0,0.0
3,0,17,C,6,1,0.167
3,0,17,D,4,0,0.0
3,0,18,A,6,0,0.0
3,0,18,B,4,0,0.0
3,0,18,C,6,0,0.0
3,0,18,D,4,0,0.0
3,1,6,A,6,2,0.333
3,1,6,B,4,1,0.25
3,1,6,C,6,2,0.333
3,1,6,D,4,0,0.0
3,1,7,A,6,3,0.5
3,1,7,B,4,2,0.5
3,1,7,C,6,2,0.333
3,1,7,D,4,1,0.25
3,1,8,A,6,4,0.667
3,1,8,B,4,2,0.5
3,1,8,C,6,2,0.333
3,1,8,D,4,1,0.25
3,1,9,A,6,4,0.667
3,1,9,B,4,2,0.5
3,1,9,C,6,2,0.333
3,1,9,D,4,1,0.25
3,1,10,A,6,2,0.333
3,1,10,B,4,1,0.25
3,1,10,C,6,1,0.167
3,1,10,D,4,0,0.0
3,1,11,A,6,2,0.333
3,1,11,B,4,1,0.25
3,1,11,C,6,0,0.0
3,1,11,D,4,0,0.0
3,1,12,A,6,2,0.333
3,1,12,B,4,2,0.5
3,1,12,C,6,2,0.333
3,1,12,D,4,2,0.5
3,1,13,A,6,2,0.333
3,1,13,B,4,1,0.25
3,1,13,C,6,3,0.5
3,1,13,D,4,1,0.25
3,1,14,A,6,4,0.667
3,1,14,B,4,1,0.25
3,1,14,C,6,2,0.333
3,1,14,D,4,2,0.5
3,1,15,A,6,2,0.333
3,1,15,B,4,1,0.25
3,1,15,C,6,1,0.167
3,1,15,D,4,1,0.25
3,1,16,A,6,2,0.333
3,1,16,B,4,0,0.0
3,1,16,C,6,2,0.333
3,1,16,D,4,1,0.25
3,1,17,A,6,0,0.0
3,1,17,B,4,0,0.0
3,1,17,C,6,0,0.0
3,1,17,D,4,0,0.0
3,1,18,A,6,0,0.0
3,1,18,B,4,0,0.0
3,1,18,C,6,0,0.0
3,1,18,D,4,0,0.0
3,2,6,A,6,1,0.167
3,2,6,B,4,1,0.25
3,2,6,C,6,0,0.0
3,2,6,D,4,1,0.25
3,2,7,A,6,2,0.333
3,2,7,B,4,2,0.5
3,2,7,C,6,3,0.5
3,2,7,D,4,1,0.25
3,2,8,A,6,4,0.667
3,2,8,B,4,2,0.5
3,2,8,C,6,2,0.333
3,2,8,D,4,1,0.25
3,2,9,A,6,3,0.5
3,2,9,B,4,2,0.5
3,2,9,C,6,1,0.167
3,2,9,D,4,1,0.25
3,2,10,A,6,2,0.333
3,2,10,B,4,1,0.25
3,2,10,C,6,0,0.0
3,2,10,D,4,0,0.0
3,2,11,A,6,2,0.333
3,2,11,B,4,2,0.5
3,2,11,C,6,2,0.333
3,2,11,D,4,1,0.25
3,2,12,A,6,3,0.5
3,2,12,B,4,1,0.25
3,2,12,C,6,2,0.333
3,2,12,D,4,1,0.25
3,2,13,A,6,3,0.5
3,2,13,B,4,0,0.0
3,2,13,C,6,3,0.5
3,2,13,D,4,1,0.25
3,2,14,A,6,3,0.5
3,2,14,B,4,2,0.5
3,2,14,C,6,2,0.333
3,2,14,D,4,0,0.0
3,2,15,A,6,1,0.167
3,2,15,B,4,0,0.0
3,2,15,C,6,2,0.333
3,2,15,D,4,1,0.25
3,2,16,A,6,1,0.167
3,2,16,B,4,1,0.25
3,2,16,C,6,1,0.167
3,2,16,D,4,0,0.0
3,2,17,A,6,1,0.167
3,2,17,B,4,0,0.0
3,2,17,C,6,1,0.167
3,2,17,D,4,0,0.0
3,2,18,A,6,0,0.0
3,2,18,B,4,0,0.0
3,2,18,C,6,0,0.0
3,2,18,D,4,0,0.0
3,3,6,A,6,0,0.0
3,3,6,B,4,1,0.25
3,3,6,C,6,2,0.333
3,3,6,D,4,1,0.25
3,3,7,A,6,4,0.667
3,3,7,B,4,1,0.25
3,3,7,C,6,2,0.333
3,3,7,D,4,2,0.5
3,3,8,A,6,4,0.667
3,3,8,B,4,2,0.5
3,3,8,C,6,2,0.333
3,3,8,D,4,1,0.25
3,3,9,A,6,3,0.5
3,3,9,B,4,2,0.5
3,3,9,C,6,2,0.333
3,3,9,D,4,2,0.5
3,3,10,A,6,1,0.167
3,3,10,B,4,2,0.5
3,3,10,C,6,1,0.167
3,3,10,D,4,2,0.5
3,3,11,A,6,2,0.333
3,3,11,B,4,1,0.25
3,3,11,C,6,1,0.167
3,3,11,D,4,2,0.5
3,3,12,A,6,1,0.167
3,3,12,B,4,1,0.25
3,3,12,C,6,2,0.333
3,3,12,D,4,1,0.25
3,3,13,A,6,3,0.5
3,3,13,B,4,2,0.5
3,3,13,C,6,2,0.333
3,3,13,D,4,1,0.25
3,3,14,A,6,3,0.5
3,3,14,B,4,1,0.25
3,3,14,C,6,2,0.333
3,3,14,D,4,1,0.25
3,3,15,A,6,2,0.333
3,3,15,B,4,1,0.25
3,3,15,C,6,2,0.333
3,3,15,D,4,1,0.25
3,3,16,A,6,1,0.167
3,3,16,B,4,0,0.0
3,3,16,C,6,1,0.167
3,3,16,D,4,0,0.0
3,3,17,A,6,1,0.167
3,3,17,B,4,0,0.0
3,3,17,C,6,2,0.333
3,3,17,D,4,1,0.25
3,3,18,A,6,0,0.0
3,3,18,B,4,0,0.0
3,3,18,C,6,1,0.167
3,3,18,D,4,0,0.0
3,4,6,A,6,1,0.167
3,4,6,B,4,1,0.25
3,4,6,C,6,1,0.167
3,4,6,D,4,1,0.25
3,4,7,A,6,2,0.333
3,4,7,B,4,0,0.0
3,4,7,C,6,2,0.333
3,4,7,D,4,1,0.25
3,4,8,A,6,2,0.333
3,4,8,B,4,2,0.5
3,4,8,C,6,2,0.333
3,4,8,D,4,2,0.5
3,4,9,A,6,2,0.333
3,4,9,B,4,0,0.0
3,4,9,C,6,1,0.167
3,4,9,D,4,1,0.25
3,4,10,A,6,1,0.167
3,4,10,B,4,0,0.0
3,4,10,C,6,2,0.333
3,4,10,D,4,0,0.0
3,4,11,A,6,2,0.333
3,4,11,B,4,1,0.25
3,4,11,C,6,2,0.333
3,4,11,D,4,1,0.25
3,4,12,A,6,2,0.333
3,4,12,B,4,1,0.25
3,4,12,C,6,2,0.333
3,4,12,D,4,1,0.25
3,4,13,A,6,2,0.333
3,4,13,B,4,0,0.0
3,4,13,C,6,2,0.333
3,4,13,D,4,0,0.0
3,4,14,A,6,1,0.167
3,4,14,B,4,1,0.25
3,4,14,C,6,1,0.167
3,4,14,D,4,1,0.25
3,4,15,A,6,1,0.167
3,4,15,B,4,1,0.25
3,4,15,C,6,1,0.167
3,4,15,D,4,1,0.25
3,4,16,A,6,0,0.0
3,4,16,B,4,0,0.0
3,4,16,C,6,0,0.0
3,4,16,D,4,0,0.0
3,4,17,A,6,1,0.167
3,4,17,B,4,1,0.25
3,4,17,C,6,1,0.167
3,4,17,D,4,0,0.0
3,4,18,A,6,1,0.167
3,4,18,B,4,0,0.0
3,4,18,C,6,1,0.167
3,4,18,D,4,0,0.0
3,5,6,A,6,0,0.0
3,5,6,B,4,1,0.25
3,5,6,C,6,1,0.167
3,5,6,D,4,0,0.0
3,5,7,A,6,1,0.167
3,5,7,B,4,0,0.0
3,5,7,C,6,0,0.0
3,5,7,D,4,0,0.0
3,5,8,A,6,1,0.167
3,5,8,B,4,0,0.0
3,5,8,C,6,0,0.0
3,5,8,D,4,0,0.0
3,5,9,A,6,0,0.0
3,5,9,B,4,0,0.0
3,5,9,C,6,0,0.0
3,5,9,D,4,1,0.25
3,5,10,A,6,0,0.0
3,5,10,B,4,0,0.0
3,5,10,C,6,1,0.167
3,5,10,D,4,0,0.0
3,5,11,A,6,0,0.0
3,5,11,B,4,1,0.25
3,5,11,C,6,1,0.167
3,5,11,D,4,0,0.0
3,5,12,A,6,1,0.167
3,5,12,B,4,0,0.0
3,5,12,C,6,0,0.0
3,5,12,D,4,0,0.0
3,5,13,A,6,0,0.0
3,5,13,B,4,1,0.25
3,5,13,C,6,1,0.167
3,5,13,D,4,0,0.0
3,5,14,A,6,1,0.167
3,5,14,B,4,1,0.25
3,5,14,C,6,0,0.0
3,5,14,D,4,1,0.25
3,5,15,A,6,1,0.167
3,5,15,B,4,1,0.25
3,5,15,C,6,0,0.0
3,5,15,D,4,0,0.0
3,5,16,A,6,0,0.0
3,5,16,B,4,0,0.0
3,5,16,C,6,0,0.0
3,5,16,D,4,0,0.0
3,5,17,A,6,0,0.0
3,5,17,B,4,0,0.0
3,5,17,C,6,0,0.0
3,5,17,D,4,0,0.0
3,5,18,A,6,0,0.0
3,5,18,B,4,0,0.0
3,5,18,C,6,1,0.167
3,5,18,D,4,0,0.0
4,0,6,A,6,1,0.167
4,0,6,B,4,0,0.0
4,0,6,C,6,0,0.0
4,0,6,D,4,0,0.0
4,0,7,A,6,2,0.333
4,0,7,B,4,2,0.5
4,0,7,C,6,2,0.333
4,0,7,D,4,1,0.25
4,0,8,A,6,4,0.667
4,0,8,B,4,2,0.5
4,0,8,C,6,2,0.333
4,0,8,D,4,2,0.5
4,0,9,A,6,2,0.333
4,0,9,B,4,1,0.25
4,0,9,C,6,3,0.5
4,0,9,D,4,1,0.25
4,0,10,A,6,2,0.333
4,0,10,B,4,2,0.5
4,0,10,C,6,3,0.5
4,0,10,D,4,0,0.0
4,0,11,A,6,1,0.167
4,0,11,B,4,1,0.25
4,0,11,C,6,1,0.167
4,0,11,D,4,0,0.0
4,0,12,A,6,2,0.333
4,0,12,B,4,1,0.25
4,0,12,C,6,2,0.333
4,0,12,D,4,1,0.25
4,0,13,A,6,3,0.5
4,0,13,B,4,1,0.25
4,0,13,C,6,2,0.333
4,0,13,D,4,2,0.5
4,0,14,A,6,2,0.333
4,0,14,B,4,1,0.25
4,0,14,C,6,2,0.333
4,0,14,D,4,1,0.25
4,0,15,A,6,2,0.333
4,0,15,B,4,1,0.25
4,0,15,C,6,1,0.167
4,0,15,D,4,1,0.25
4,0,16,A,6,2,0.333
4,0,16,B,4,0,0.0
4,0,16,C,6,0,0.0
4,0,16,D,4,0,0.0
4,0,17,A,6,1,0.167
4,0,17,B,4,0,0.0
4,0,17,C,6,0,0.0
4,0,17,D,4,0,0.0
4,0,18,A,6,0,0.0
4,0,18,B,4,0,0.0
4,0,18,C,6,1,0.167
4,0,18,D,4,1,0.25
4,1,6,A,6,1,0.167
4,1,6,B,4,1,0.25
4,1,6,C,6,2,0.333
4,1,6,D,4,0,0.0
4,1,7,A,6,2,0.333
4,1,7,B,4,1,0.25
4,1,7,C,6,2,0.333
4,1,7,D,4,1,0.25
4,1,8,A,6,3,0.5
4,1,8,B,4,2,0.5
4,1,8,C,6,2,0.333
4,1,8,D,4,2,0.5
4,1,9,A,6,3,0.5
4,1,9,B,4,2,0.5
4,1,9,C,6,1,0.167
4,1,9,D,4,0,0.0
4,1,10,A,6,2,0.333
4,1,10,B,4,1,0.25
4,1,10,C,6,1,0.167
4,1,10,D,4,1,0.25
4,1,11,A,6,2,0.333
4,1,11,B,4,2,0.5
4,1,11,C,6,2,0.333
4,1,11,D,4,0,0.0
4,1,12,A,6,2,0.333
4,1,12,B,4,2,0.5
4,1,12,C,6,2,0.333
4,1,12,D,4,1,0.25
4,1,13,A,6,2,0.333
4,1,13,B,4,2,0.5
4,1,13,C,6,3,0.5
4,1,13,D,4,0,0.0
4,1,14,A,6,4,0.667
4,1,14,B,4,0,0.0
4,1,14,C,6,2,0.333
4,1,14,D,4,0,0.0
4,1,15,A,6,2,0.333
4,1,15,B,4,1,0.25
4,1,15,C,6,1,0.167
4,1,15,D,4,1,0.25
4,1,16,A,6,1,0.167
4,1,16,B,4,0,0.0
4,1,16,C,6,0,0.0
4,1,16,D,4,1,0.25
4,1,17,A,6,1,0.167
4,1,17,B,4,1,0.25
4,1,17,C,6,0,0.0
4,1,17,D,4,0,0.0
4,1,18,A,6,0,0.0
4,1,18,B,4,0,0.0
4,1,18,C,6,0,0.0
4,1,18,D,4,0,0.0
4,2,6,A,6,2,0.333
4,2,6,B,4,0,0.0
4,2,6,C,6,1,0.167
4,2,6,D,4,1,0.25
4,2,7,A,6,3,0.5
4,2,7,B,4,1,0.25
4,2,7,C,6,2,0.333
4,2,7,D,4,1,0.25
4,2,8,A,6,3,0.5
4,2,8,B,4,2,0.5
4,2,8,C,6,4,0.667
4,2,8,D,4,1,0.25
4,2,9,A,6,3,0.5
4,2,9,B,4,1,0.25
4,2,9,C,6,2,0.333
4,2,9,D,4,2,0.5
4,2,10,A,6,2,0.333
4,2,10,B,4,1,0.25
4,2,10,C,6,2,0.333
4,2,10,D,4,1,0.25
4,2,11,A,6,2,0.333
4,2,11,B,4,1,0.25
4,2,11,C,6,1,0.167
4,2,11,D,4,2,0.5
4,2,12,A,6,4,0.667
4,2,12,B,4,1,0.25
4,2,12,C,6,2,0.333
4,2,12,D,4,2,0.5
4,2,13,A,6,2,0.333
4,2,13,B,4,2,0.5
4,2,13,C,6,1,0.167
4,2,13,D,4,1,0.25
4,2,14,A,6,2,0.333
4,2,14,B,4,1,0.25
4,2,14,C,6,2,0.333
4,2,14,D,4,0,0.0
4,2,15,A,6,2,0.333
4,2,15,B,4,1,0.25
4,2,15,C,6,1,0.167
4,2,15,D,4,1,0.25
4,2,16,A,6,2,0.333
4,2,16,B,4,1,0.25
4,2,16,C,6,1,0.167
4,2,16,D,4,0,0.0
4,2,17,A,6,1,0.167
4,2,17,B,4,0,0.0
4,2,17,C,6,1,0.167
4,2,17,D,4,0,0.0
4,2,18,A,6,0,0.0
4,2,18,B,4,1,0.25
4,2,18,C,6,1,0.167
4,2,18,D,4,0,0.0
4,3,6,A,6,0,0.0
4,3,6,B,4,1,0.25
4,3,6,C,6,1,0.167
4,3,6,D,4,0,0.0
4,3,7,A,6,2,0.333
4,3,7,B,4,1,0.25
4,3,7,C,6,2,0.333
4,3,7,D,4,1,0.25
4,3,8,A,6,3,0.5
4,3,8,B,4,1,0.25
4,3,8,C,6,2,0.333
4,3,8,D,4,1,0.25
4,3,9,A,6,2,0.333
4,3,9,B,4,0,0.0
4,3,9,C,6,2,0.333
4,3,9,D,4,0,0.0
4,3,10,A,6,3,0.5
4,3,10,B,4,0,0.0
4,3,10,C,6,2,0.333
4,3,10,D,4,1,0.25
4,3,11,A,6,2,0.333
4,3,11,B,4,1,0.25
4,3,11,C,6,2,0.333
4,3,11,D,4,0,0.0
4,3,12,A,6,2,0.333
4,3,12,B,4,1,0.25
4,3,12,C,6,2,0.333
4,3,12,D,4,1,0.25
4,3,13,A,6,2,0.333
4,3,13,B,4,1,0.25
4,3,13,C,6,3,0.5
4,3,13,D,4,0,0.0
4,3,14,A,6,2,0.333
4,3,14,B,4,1,0.25
4,3,14,C,6,3,0.5
4,3,14,D,4,1,0.25
4,3,15,A,6,2,0.333
4,3,15,B,4,1,0.25
4,3,15,C,6,1,0.167
4,3,15,D,4,1,0.25
4,3,16,A,6,0,0.0
4,3,16,B,4,0,0.0
4,3,16,C,6,2,0.333
4,3,16,D,4,1,0.25
4,3,17,A,6,1,0.167
4,3,17,B,4,0,0.0
4,3,17,C,6,0,0.0
4,3,17,D,4,0,0.0
4,3,18,A,6,1,0.167
4,3,18,B,4,1,0.25
4,3,18,C,6,1,0.167
4,3,18,D,4,0,0.0
4,4,6,A,6,0,0.0
4,4,6,B,4,0,0.0
4,4,6,C,6,1,0.167
4,4,6,D,4,0,0.0
4,4,7,A,6,2,0.333
4,4,7,B,4,2,0.5
4,4,7,C,6,2,0.333
4,4,7,D,4,1,0.25
4,4,8,A,6,3,0.5
4,4,8,B,4,1,0.25
4,4,8,C,6,2,0.333
4,4,8,D,4,2,0.5
4,4,9,A,6,2,0.333
4,4,9,B,4,1,0.25
4,4,9,C,6,2,0.333
4,4,9,D,4,1,0.25
4,4,10,A,6,1,0.167
4,4,10,B,4,1,0.25
4,4,10,C,6,1,0.167
4,4,10,D,4,0,0.0
4,4,11,A,6,2,0.333
4,4,11,B,4,1,0.25
4,4,11,C,6,1,0.167
4,4,11,D,4,0,0.0
4,4,12,A,6,2,0.333
4,4,12,B,4,1,0.25
4,4,12,C,6,1,0.167
4,4,12,D,4,2,0.5
4,4,13,A,6,2,0.333
4,4,13,B,4,1,0.25
4,4,13,C,6,1,0.167
4,4,13,D,4,1,0.25
4,4,14,A,6,2,0.333
4,4,14,B,4,1,0.25
4,4,14,C,6,2,0.333
4,4,14,D,4,0,0.0
4,4,15,A,6,1,0.167
4,4,15,B,4,1,0.25
4,4,15,C,6,2,0.333
4,4,15,D,4,0,0.0
4,4,16,A,6,1,0.167
4,4,16,B,4,0,0.0
4,4,16,C,6,0,0.0
4,4,16,D,4,0,0.0
4,4,17,A,6,0,0.0
4,4,17,B,4,0,0.0
4,4,17,C,6,0,0.0
4,4,17,D,4,0,0.0
4,4,18,A,6,0,0.0
4,4,18,B,4,1,0.25
4,4,18,C,6,0,0.0
4,4,18,D,4,0,0.0
4,5,6,A,6,0,0.0
4,5,6,B,4,0,0.0
4,5,6,C,6,0,0.0
4,5,6,D,4,0,0.0
4,5,7,A,6,1,0.167
4,5,7,B,4,0,0.0
4,5,7,C,6,1,0.167
4,5,7,D,4,1,0.25
4,5,8,A,6,0,0.0
4,5,8,B,4,0,0.0
4,5,8,C,6,1,0.167
4,5,8,D,4,0,0.0
4,5,9,A,6,2,0.333
4,5,9,B,4,0,0.0
4,5,9,C,6,0,0.0
4,5,9,D,4,0,0.0
4,5,10,A,6,0,0.0
4,5,10,B,4,0,0.0
4,5,10,C,6,1,0.167
4,5,10,D,4,0,0.0
4,5,11,A,6,0,0.0
4,5,11,B,4,0,0.0
4,5,11,C,6,1,0.167
4,5,11,D,4,0,0.0
4,5,12,A,6,1,0.167
4,5,12,B,4,1,0.25
4,5,12,C,6,0,0.0
4,5,12,D,4,1,0.25
4,5,13,A,6,0,0.0
4,5,13,B,4,1,0.25
4,5,13,C,6,0,0.0
4,5,13,D,4,0,0.0
4,5,14,A,6,2,0.333
4,5,14,B,4,0,0.0
4,5,14,C,6,0,0.0
4,5,14,D,4,0,0.0
4,5,15,A,6,0,0.0
4,5,15,B,4,0,0.0
4,5,15,C,6,1,0.167
4,5,15,D,4,0,0.0
4,5,16,A,6,0,0.0
4,5,16,B,4,0,0.0
4,5,16,C,6,0,0.0
4,5,16,D,4,0,0.0
4,5,17,A,6,0,0.0
4,5,17,B,4,0,0.0
4,5,17,C,6,0,0.0
4,5,17,D,4,0,0.0
4,5,18,A,6,0,0.0
4,5,18,B,4,0,0.0
4,5,18,C,6,0,0.0
4,5,18,D,4,0,0.0
5,0,6,A,6,0,0.0
5,0,6,B,4,0,0.0
5,0,6,C,6,1,0.167
5,0,6,D,4,0,0.0
5,0,7,A,6,2,0.333
5,0,7,B,4,1,0.25
5,0,7,C,6,2,0.333
5,0,7,D,4,1,0.25
5,0,8,A,6,3,0.5
5,0,8,B,4,2,0.5
5,0,8,C,6,4,0.667
5,0,8,D,4,0,0.0
5,0,9,A,6,2,0.333
5,0,9,B,4,1,0.25
5,0,9,C,6,2,0.333
5,0,9,D,4,2,0.5
5,0,10,A,6,2,0.333
5,0,10,B,4,1,0.25
5,0,10,C,6,2,0.333
5,0,10,D,4,0,0.0
5,0,11,A,6,2,0.333
5,0,11,B,4,0,0.0
5,0,11,C,6,2,0.333
5,0,11,D,4,1,0.25
5,0,12,A,6,3,0.5
5,0,12,B,4,2,0.5
5,0,12,C,6,2,0.333
5,0,12,D,4,2,0.5
5,0,13,A,6,3,0.5
5,0,13,B,4,1,0.25
5,0,13,C,6,2,0.333
5,0,13,D,4,1,0.25
5,0,14,A,6,2,0.333
5,0,14,B,4,0,0.0
5,0,14,C,6,2,0.333
5,0,14,D,4,1,0.25
5,0,15,A,6,2,0.333
5,0,15,B,4,2,0.5
5,0,15,C,6,2,0.333
5,0,15,D,4,0,0.0
5,0,16,A,6,0,0.0
5,0,16,B,4,1,0.25
5,0,16,C,6,0,0.0
5,0,16,D,4,0,0.0
5,0,17,A,6,1,0.167
5,0,17,B,4,0,0.0
5,0,17,C,6,0,0.0
5,0,17,D,4,0,0.0
5,0,18,A,6,1,0.167
5,0,18,B,4,0,0.0
5,0,18,C,6,1,0.167
5,0,18,D,4,0,0.0
5,1,6,A,6,2,0.333
5,1,6,B,4,1,0.25
5,1,6,C,6,0,0.0
5,1,6,D,4,1,0.25
5,1,7,A,6,2,0.333
5,1,7,B,4,2,0.5
5,1,7,C,6,2,0.333
5,1,7,D,4,2,0.5
5,1,8,A,6,4,0.667
5,1,8,B,4,1,0.25
5,1,8,C,6,3,0.5
5,1,8,D,4,2,0.5
5,1,9,A,6,2,0.333
5,1,9,B,4,1,0.25
5,1,9,C,6,2,0.333
5,1,9,D,4,1,0.25
5,1,10,A,6,3,0.5
5,1,10,B,4,2,0.5
5,1,10,C,6,1,0.167
5,1,10,D,4,1,0.25
5,1,11,A,6,2,0.333
5,1,11,B,4,2,0.5
5,1,11,C,6,2,0.333
5,1,11,D,4,1,0.25
5,1,12,A,6,3,0.5
5,1,12,B,4,1,0.25
5,1,12,C,6,3,0.5
5,1,12,D,4,2,0.5
5,1,13,A,6,4,0.667
5,1,13,B,4,2,0.5
5,1,13,C,6,2,0.333
5,1,13,D,4,1,0.25
5,1,14,A,6,2,0.333
5,1,14,B,4,1,0.25
5,1,14,C,6,2,0.333
5,1,14,D,4,1,0.25
5,1,15,A,6,2,0.333
5,1,15,B,4,1,0.25
5,1,15,C,6,1,0.167
5,1,15,D,4,0,0.0
5,1,16,A,6,1,0.167
5,1,16,B,4,0,0.0
5,1,16,C,6,2,0.333
5,1,16,D,4,1,0.25
5,1,17,A,6,1,0.167
5,1,17,B,4,0,0.0
5,1,17,C,6,2,0.333
5,1,17,D,4,0,0.0
5,1,18,A,6,0,0.0
5,1,18,B,4,0,0.0
5,1,18,C,6,0,0.0
5,1,18,D,4,0,0.0
5,2,6,A,6,1,0.167
5,2,6,B,4,0,0.0
5,2,6,C,6,1,0.167
5,2,6,D,4,0,0.0
5,2,7,A,6,2,0.333
5,2,7,B,4,1,0.25
5,2,7,C,6,2,0.333
5,2,7,D,4,1,0.25
5,2,8,A,6,4,0.667
5,2,8,B,4,1,0.25
5,2,8,C,6,3,0.5
5,2,8,D,4,0,0.0
5,2,9,A,6,3,0.5
5,2,9,B,4,2,0.5
5,2,9,C,6,2,0.333
5,2,9,D,4,1,0.25
5,2,10,A,6,3,0.5
5,2,10,B,4,1,0.25
5,2,10,C,6,1,0.167
5,2,10,D,4,0,0.0
5,2,11,A,6,3,0.5
5,2,11,B,4,1,0.25
5,2,11,C,6,1,0.167
5,2,11,D,4,0,0.0
5,2,12,A,6,2,0.333
5,2,12,B,4,2,0.5
5,2,12,C,6,2,0.333
5,2,12,D,4,0,0.0
5,2,13,A,6,4,0.667
5,2,13,B,4,2,0.5
5,2,13,C,6,2,0.333
5,2,13,D,4,1,0.25
5,2,14,A,6,2,0.333
5,2,14,B,4,1,0.25
5,2,14,C,6,2,0.333
5,2,14,D,4,1,0.25
5,2,15,A,6,2,0.333
5,2,15,B,4,1,0.25
5,2,15,C,6,1,0.167
5,2,15,D,4,1,0.25
5,2,16,A,6,1,0.167
5,2,16,B,4,0,0.0
5,2,16,C,6,0,0.0
5,2,16,D,4,0,0.0
5,2,17,A,6,1,0.167
5,2,17,B,4,1,0.25
5,2,17,C,6,0,0.0
5,2,17,D,4,1,0.25
5,2,18,A,6,0,0.0
5,2,18,B,4,0,0.0
5,2,18,C,6,0,0.0
5,2,18,D,4,0,0.0
5,3,6,A,6,1,0.167
5,3,6,B,4,1,0.25
5,3,6,C,6,2,0.333
5,3,6,D,4,0,0.0
5,3,7,A,6,2,0.333
5,3,7,B,4,2,0.5
5,3,7,C,6,2,0.333
5,3,7,D,4,0,0.0
5,3,8,A,6,3,0.5
5,3,8,B,4,2,0.5
5,3,8,C,6,3,0.5
5,3,8,D,4,1,0.25
5,3,9,A,6,3,0.5
5,3,9,B,4,1,0.25
5,3,9,C,6,2,0.333
5,3,9,D,4,2,0.5
5,3,10,A,6,2,0.333
5,3,10,B,4,1,0.25
5,3,10,C,6,2,0.333
5,3,10,D,4,2,0.5
5,3,11,A,6,2,0.333
5,3,11,B,4,2,0.5
5,3,11,C,6,2,0.333
5,3,11,D,4,1,0.25
5,3,12,A,6,2,0.333
5,3,12,B,4,1,0.25
5,3,12,C,6,2,0.333
5,3,12,D,4,1,0.25
5,3,13,A,6,4,0.667
5,3,13,B,4,2,0.5
5,3,13,C,6,2,0.333
5,3,13,D,4,1,0.25
5,3,14,A,6,3,0.5
5,3,14,B,4,2,0.5
5,3,14,C,6,2,0.333
5,3,14,D,4,2,0.5
5,3,15,A,6,2,0.333
5,3,15,B,4,1,0.25
5,3,15,C,6,2,0.333
5,3,15,D,4,1,0.25
5,3,16,A,6,2,0.333
5,3,16,B,4,0,0.0
5,3,16,C,6,2,0.333
5,3,16,D,4,0,0.0
5,3,17,A,6,0,0.0
5,3,17,B,4,0,0.0
5,3,17,C,6,1,0.167
5,3,17,D,4,0,0.0
5,3,18,A,6,0,0.0
5,3,18,B,4,0,0.0
5,3,18,C,6,1,0.167
5,3,18,D,4,0,0.0
5,4,6,A,6,3,0.5
5,4,6,B,4,1,0.25
5,4,6,C,6,1,0.167
5,4,6,D,4,0,0.0
5,4,7,A,6,2,0.333
5,4,7,B,4,1,0.25
5,4,7,C,6,2,0.333
5,4,7,D,4,1,0.25
5,4,8,A,6,3,0.5
5,4,8,B,4,2,0.5
5,4,8,C,6,3,0.5
5,4,8,D,4,2,0.5
5,4,9,A,6,2,0.333
5,4,9,B,4,1,0.25
5,4,9,C,6,2,0.333
5,4,9,D,4,2,0.5
5,4,10,A,6,1,0.167
5,4,10,B,4,1,0.25
5,4,10,C,6,1,0.167
5,4,10,D,4,2,0.5
5,4,11,A,6,1,0.167
5,4,11,B,4,0,0.0
5,4,11,C,6,0,0.0
5,4,11,D,4,0,0.0
5,4,12,A,6,1,0.167
5,4,12,B,4,1,0.25
5,4,12,C,6,2,0.333
5,4,12,D,4,1,0.25
5,4,13,A,6,2,0.333
5,4,13,B,4,0,0.0
5,4,13,C,6,2,0.333
5,4,13,D,4,0,0.0
5,4,14,A,6,2,0.333
5,4,14,B,4,1,0.25
5,4,14,C,6,3,0.5
5,4,14,D,4,1,0.25
5,4,15,A,6,3,0.5
5,4,15,B,4,0,0.0
5,4,15,C,6,1,0.167
5,4,15,D,4,0,0.0
5,4,16,A,6,1,0.167
5,4,16,B,4,1,0.25
5,4,16,C,6,1,0.167
5,4,16,D,4,0,0.0
5,4,17,A,6,1,0.167
5,4,17,B,4,0,0.0
5,4,17,C,6,0,0.0
5,4,17,D,4,1,0.25
5,4,18,A,6,1,0.167
5,4,18,B,4,0,0.0
5,4,18,C,6,0,0.0
5,4,18,D,4,0,0.0
5,5,6,A,6,0,0.0
5,5,6,B,4,0,0.0
5,5,6,C,6,0,0.0
5,5,6,D,4,0,0.0
5,5,7,A,6,0,0.0
5,5,7,B,4,0,0.0
5,5,7,C,6,0,0.0
5,5,7,D,4,0,0.0
5,5,8,A,6,0,0.0
5,5,8,B,4,0,0.0
5,5,8,C,6,0,0.0
5,5,8,D,4,1,0.25
5,5,9,A,6,0,0.0
5,5,9,B,4,0,0.0
5,5,9,C,6,0,0.0
5,5,9,D,4,0,0.0
5,5,10,A,6,0,0.0
5,5,10,B,4,0,0.0
5,5,10,C,6,0,0.0
5,5,10,D,4,0,0.0
5,5,11,A,6,0,0.0
5,5,11,B,4,0,0.0
5,5,11,C,6,0,0.0
5,5,11,D,4,0,0.0
5,5,12,A,6,0,0.0
5,5,12,B,4,0,0.0
5,5,12,C,6,2,0.333
5,5,12,D,4,0,0.0
5,5,13,A,6,2,0.333
5,5,13,B,4,0,0.0
5,5,13,C,6,0,0.0
5,5,13,D,4,0,0.0
5,5,14,A,6,1,0.167
5,5,14,B,4,0,0.0
5,5,14,C,6,0,0.0
5,5,14,D,4,0,0.0
5,5,15,A,6,1,0.167
5,5,15,B,4,0,0.0
5,5,15,C,6,0,0.0
5,5,15,D,4,0,0.0
5,5,16,A,6,1,0.167
5,5,16,B,4,0,0.0
5,5,16,C,6,0,0.0
5,5,16,D,4,0,0.0
5,5,17,A,6,0,0.0
5,5,17,B,4,0,0.0
5,5,17,C,6,1,0.167
5,5,17,D,4,0,0.0
5,5,18,A,6,1,0.167
5,5,18,B,4,0,0.0
5,5,18,C,6,0,0.0
5,5,18,D,4,0,0.0
6,0,6,A,6,2,0.333
6,0,6,B,4,1,0.25
6,0,6,C,6,2,0.333
6,0,6,D,4,0,0.0
6,0,7,A,6,3,0.5
6,0,7,B,4,1,0.25
6,0,7,C,6,2,0.333
6,0,7,D,4,1,0.25
6,0,8,A,6,3,0.5
6,0,8,B,4,1,0.25
6,0,8,C,6,3,0.5
6,0,8,D,4,2,0.5
6,0,9,A,6,2,0.333
6,0,9,B,4,2,0.5
6,0,9,C,6,1,0.167
6,0,9,D,4,1,0.25
6,0,10,A,6,2,0.333
6,0,10,B,4,0,0.0
6,0,10,C,6,2,0.333
6,0,10,D,4,2,0.5
6,0,11,A,6,2,0.333
6,0,11,B,4,1,0.25
6,0,11,C,6,1,0.167
6,0,11,D,4,0,0.0
6,0,12,A,6,2,0.333
6,0,12,B,4,1,0.25
6,0,12,C,6,2,0.333
6,0,12,D,4,1,0.25
6,0,13,A,6,3,0.5
6,0,13,B,4,2,0.5
6,0,13,C,6,2,0.333
6,0,13,D,4,1,0.25
6,0,14,A,6,2,0.333
6,0,14,B,4,1,0.25
6,0,14,C,6,3,0.5
6,0,14,D,4,0,0.0
6,0,15,A,6,1,0.167
6,0,15,B,4,1,0.25
6,0,15,C,6,2,0.333
6,0,15,D,4,1,0.25
6,0,16,A,6,1,0.167
6,0,16,B,4,0,0.0
6,0,16,C,6,1,0.167
6,0,16,D,4,0,0.0
6,0,17,A,6,1,0.167
6,0,17,B,4,1,0.25
6,0,17,C,6,0,0.0
6,0,17,D,4,0,0.0
6,0,18,A,6,0,0.0
6,0,18,B,4,0,0.0
6,0,18,C,6,1,0.167
6,0,18,D,4,0,0.0
6,1,6,A,6,1,0.167
6,1,6,B,4,0,0.0
6,1,6,C,6,1,0.167
6,1,6,D,4,1,0.25
6,1,7,A,6,4,0.667
6,1,7,B,4,1,0.25
6,1,7,C,6,2,0.333
6,1,7,D,4,2,0.5
6,1,8,A,6,3,0.5
6,1,8,B,4,2,0.5
6,1,8,C,6,4,0.667
6,1,8,D,4,1,0.25
6,1,9,A,6,2,0.333
6,1,9,B,4,0,0.0
6,1,9,C,6,3,0.5
6,1,9,D,4,1,0.25
6,1,10,A,6,2,0.333
6,1,10,B,4,1,0.25
6,1,10,C,6,1,0.167
6,1,10,D,4,0,0.0
6,1,11,A,6,2,0.333
6,1,11,B,4,1,0.25
6,1,11,C,6,2,0.333
6,1,11,D,4,1,0.25
6,1,12,A,6,2,0.333
6,1,12,B,4,2,0.5
6,1,12,C,6,2,0.333
6,1,12,D,4,1,0.25
6,1,13,A,6,2,0.333
6,1,13,B,4,2,0.5
6,1,13,C,6,3,0.5
6,1,13,D,4,1,0.25
6,1,14,A,6,3,0.5
6,1,14,B,4,1,0.25
6,1,14,C,6,2,0.333
6,1,14,D,4,0,0.0
6,1,15,A,6,2,0.333
6,1,15,B,4,1,0.25
6,1,15,C,6,2,0.333
6,1,15,D,4,1,0.25
6,1,16,A,6,1,0.167
6,1,16,B,4,1,0.25
6,1,16,C,6,1,0.167
6,1,16,D,4,0,0.0
6,1,17,A,6,1,0.167
6,1,17,B,4,0,0.0
6,1,17,C,6,1,0.167
6,1,17,D,4,0,0.0
6,1,18,A,6,0,0.0
6,1,18,B,4,1,0.25
6,1,18,C,6,1,0.167
6,1,18,D,4,1,0.25
6,2,6,A,6,2,0.333
6,2,6,B,4,0,0.0
6,2,6,C,6,1,0.167
6,2,6,D,4,1,0.25
6,2,7,A,6,2,0.333
6,2,7,B,4,1,0.25
6,2,7,C,6,2,0.333
6,2,7,D,4,1,0.25
6,2,8,A,6,3,0.5
6,2,8,B,4,1,0.25
6,2,8,C,6,2,0.333
6,2,8,D,4,2,0.5
6,2,9,A,6,4,0.667
6,2,9,B,4,2,0.5
6,2,9,C,6,1,0.167
6,2,9,D,4,2,0.5
6,2,10,A,6,2,0.333
6,2,10,B,4,1,0.25
6,2,10,C,6,1,0.167
6,2,10,D,4,1,0.25
6,2,11,A,6,0,0.0
6,2,11,B,4,1,0.25
6,2,11,C,6,1,0.167
6,2,11,D,4,0,0.0
6,2,12,A,6,2,0.333
6,2,12,B,4,1,0.25
6,2,12,C,6,2,0.333
6,2,12,D,4,2,0.5
6,2,13,A,6,2,0.333
6,2,13,B,4,2,0.5
6,2,13,C,6,2,0.333
6,2,13,D,4,1,0.25
6,2,14,A,6,3,0.5
6,2,14,B,4,1,0.25
6,2,14,C,6,3,0.5
6,2,14,D,4,1,0.25
6,2,15,A,6,2,0.333
6,2,15,B,4,1,0.25
6,2,15,C,6,2,0.333
6,2,15,D,4,1,0.25
6,2,16,A,6,1,0.167
6,2,16,B,4,0,0.0
6,2,16,C,6,1,0.167
6,2,16,D,4,1,0.25
6,2,17,A,6,1,0.167
6,2,17,B,4,1,0.25
6,2,17,C,6,0,0.0
6,2,17,D,4,0,0.0
6,2,18,A,6,1,0.167
6,2,18,B,4,0,0.0
6,2,18,C,6,1,0.167
6,2,18,D,4,0,0.0
6,3,6,A,6,1,0.167
6,3,6,B,4,1,0.25
6,3,6,C,6,1,0.167
6,3,6,D,4,0,0.0
6,3,7,A,6,2,0.333
6,3,7,B,4,1,0.25
6,3,7,C,6,3,0.5
6,3,7,D,4,1,0.25
6,3,8,A,6,4,0.667
6,3,8,B,4,2,0.5
6,3,8,C,6,2,0.333
6,3,8,D,4,2,0.5
6,3,9,A,6,2,0.333
6,3,9,B,4,1,0.25
6,3,9,C,6,2,0.333
6,3,9,D,4,1,0.25
6,3,10,A,6,2,0.333
6,3,10,B,4,0,0.0
6,3,10,C,6,1,0.167
6,3,10,D,4,1,0.25
6,3,11,A,6,2,0.333
6,3,11,B,4,0,0.0
6,3,11,C,6,2,0.333
6,3,11,D,4,0,0.0
6,3,12,A,6,2,0.333
6,3,12,B,4,1,0.25
6,3,12,C,6,2,0.333
6,3,12,D,4,1,0.25
6,3,13,A,6,3,0.5
6,3,13,B,4,2,0.5
6,3,13,C,6,2,0.333
6,3,13,D,4,1,0.25
6,3,14,A,6,2,0.333
6,3,14,B,4,2,0.5
6,3,14,C,6,2,0.333
6,3,14,D,4,1,0.25
6,3,15,A,6,2,0.333
6,3,15,B,4,1,0.25
6,3,15,C,6,1,0.167
6,3,15,D,4,0,0.0
6,3,16,A,6,2,0.333
6,3,16,B,4,0,0.0
6,3,16,C,6,1,0.167
6,3,16,D,4,0,0.0
6,3,17,A,6,0,0.0
6,3,17,B,4,0,0.0
6,3,17,C,6,0,0.0
6,3,17,D,4,0,0.0
6,3,18,A,6,1,0.167
6,3,18,B,4,0,0.0
6,3,18,C,6,0,0.0
6,3,18,D,4,0,0.0
6,4,6,A,6,0,0.0
6,4,6,B,4,0,0.0
6,4,6,C,6,2,0.333
6,4,6,D,4,0,0.0
6,4,7,A,6,3,0.5
6,4,7,B,4,1,0.25
6,4,7,C,6,2,0.333
6,4,7,D,4,0,0.0
6,4,8,A,6,3,0.5
6,4,8,B,4,1,0.25
6,4,8,C,6,3,0.5
6,4,8,D,4,2,0.5
6,4,9,A,6,2,0.333
6,4,9,B,4,1,0.25
6,4,9,C,6,2,0.333
6,4,9,D,4,2,0.5
6,4,10,A,6,2,0.333
6,4,10,B,4,1,0.25
6,4,10,C,6,2,0.333
6,4,10,D,4,1,0.25
6,4,11,A,6,1,0.167
6,4,11,B,4,0,0.0
6,4,11,C,6,2,0.333
6,4,11,D,4,0,0.0
6,4,12,A,6,1,0.167
6,4,12,B,4,1,0.25
6,4,12,C,6,1,0.167
6,4,12,D,4,1,0.25
6,4,13,A,6,3,0.5
6,4,13,B,4,2,0.5
6,4,13,C,6,2,0.333
6,4,13,D,4,2,0.5
6,4,14,A,6,2,0.333
6,4,14,B,4,1,0.25
6,4,14,C,6,2,0.333
6,4,14,D,4,1,0.25
6,4,15,A,6,2,0.333
6,4,15,B,4,0,0.0
6,4,15,C,6,1,0.167
6,4,15,D,4,2,0.5
6,4,16,A,6,1,0.167
6,4,16,B,4,0,0.0
6,4,16,C,6,1,0.167
6,4,16,D,4,0,0.0
6,4,17,A,6,0,0.0
6,4,17,B,4,0,0.0
6,4,17,C,6,2,0.333
6,4,17,D,4,0,0.0
6,4,18,A,6,1,0.167
6,4,18,B,4,0,0.0
6,4,18,C,6,0,0.0
6,4,18,D,4,0,0.0
6,5,6,A,6,1,0.167
6,5,6,B,4,0,0.0
6,5,6,C,6,0,0.0
6,5,6,D,4,0,0.0
6,5,7,A,6,1,0.167
6,5,7,B,4,0,0.0
6,5,7,C,6,1,0.167
6,5,7,D,4,0,0.0
6,5,8,A,6,1,0.167
6,5,8,B,4,0,0.0
6,5,8,C,6,1,0.167
6,5,8,D,4,0,0.0
6,5,9,A,6,1,0.167
6,5,9,B,4,0,0.0
6,5,9,C,6,1,0.167
6,5,9,D,4,0,0.0
6,5,10,A,6,1,0.167
6,5,10,B,4,0,0.0
6,5,10,C,6,0,0.0
6,5,10,D,4,0,0.0
6,5,11,A,6,0,0.0
6,5,11,B,4,0,0.0
6,5,11,C,6,0,0.0
6,5,11,D,4,0,0.0
6,5,12,A,6,1,0.167
6,5,12,B,4,0,0.0
6,5,12,C,6,1,0.167
6,5,12,D,4,0,0.0
6,5,13,A,6,1,0.167
6,5,13,B,4,0,0.0
6,5,13,C,6,1,0.167
6,5,13,D,4,1,0.25
6,5,14,A,6,1,0.167
6,5,14,B,4,0,0.0
6,5,14,C,6,1,0.167
6,5,14,D,4,0,0.0
6,5,15,A,6,1,0.167
6,5,15,B,4,0,0.0
6,5,15,C,6,0,0.0
6,5,15,D,4,0,0.0
6,5,16,A,6,0,0.0
6,5,16,B,4,0,0.0
6,5,16,C,6,0,0.0
6,5,16,D,4,0,0.0
6,5,17,A,6,1,0.167
6,5,17,B,4,0,0.0
6,5,17,C,6,0,0.0
6,5,17,D,4,0,0.0
6,5,18,A,6,0,0.0
6,5,18,B,4,0,0.0
6,5,18,C,6,0,0.0
6,5,18,D,4,0,0.0
7,0,6,A,6,2,0.333
7,0,6,B,4,0,0.0
7,0,6,C,6,1,0.167
7,0,6,D,4,0,0.0
7,0,7,A,6,4,0.667
7,0,7,B,4,2,0.5
7,0,7,C,6,2,0.333
7,0,7,D,4,0,0.0
7,0,8,A,6,4,0.667
7,0,8,B,4,2,0.5
7,0,8,C,6,3,0.5
7,0,8,D,4,2,0.5
7,0,9,A,6,3,0.5
7,0,9,B,4,2,0.5
7,0,9,C,6,2,0.333
7,0,9,D,4,2,0.5
7,0,10,A,6,2,0.333
7,0,10,B,4,0,0.0
7,0,10,C,6,1,0.167
7,0,10,D,4,1,0.25
7,0,11,A,6,2,0.333
7,0,11,B,4,1,0.25
7,0,11,C,6,2,0.333
7,0,11,D,4,0,0.0
7,0,12,A,6,4,0.667
7,0,12,B,4,0,0.0
7,0,12,C,6,2,0.333
7,0,12,D,4,1,0.25
7,0,13,A,6,1,0.167
7,0,13,B,4,1,0.25
7,0,13,C,6,2,0.333
7,0,13,D,4,2,0.5
7,0,14,A,6,2,0.333
7,0,14,B,4,1,0.25
7,0,14,C,6,3,0.5
7,0,14,D,4,2,0.5
7,0,15,A,6,2,0.333
7,0,15,B,4,1,0.25
7,0,15,C,6,1,0.167
7,0,15,D,4,0,0.0
7,0,16,A,6,1,0.167
7,0,16,B,4,1,0.25
7,0,16,C,6,1,0.167
7,0,16,D,4,0,0.0
7,0,17,A,6,1,0.167
7,0,17,B,4,0,0.0
7,0,17,C,6,0,0.0
7,0,17,D,4,0,0.0
7,0,18,A,6,0,0.0
7,0,18,B,4,0,0.0
7,0,18,C,6,1,0.167
7,0,18,D,4,0,0.0
7,1,6,A,6,2,0.333
7,1,6,B,4,2,0.5
7,1,6,C,6,1,0.167
7,1,6,D,4,0,0.0
7,1,7,A,6,3,0.5
7,1,7,B,4,2,0.5
7,1,7,C,6,3,0.5
7,1,7,D,4,1,0.25
7,1,8,A,6,4,0.667
7,1,8,B,4,2,0.5
7,1,8,C,6,2,0.333
7,1,8,D,4,2,0.5
7,1,9,A,6,3,0.5
7,1,9,B,4,1,0.25
7,1,9,C,6,2,0.333
7,1,9,D,4,0,0.0
7,1,10,A,6,3,0.5
7,1,10,B,4,2,0.5
7,1,10,C,6,1,0.167
7,1,10,D,4,1,0.25
7,1,11,A,6,1,0.167
7,1,11,B,4,2,0.5
7,1,11,C,6,2,0.333
7,1,11,D,4,0,0.0
7,1,12,A,6,2,0.333
7,1,12,B,4,1,0.25
7,1,12,C,6,2,0.333
7,1,12,D,4,2,0.5
7,1,13,A,6,4,0.667
7,1,13,B,4,3,0.75
7,1,13,C,6,2,0.333
7,1,13,D,4,1,0.25
7,1,14,A,6,2,0.333
7,1,14,B,4,1,0.25
7,1,14,C,6,2,0.333
7,1,14,D,4,1,0.25
7,1,15,A,6,2,0.333
7,1,15,B,4,2,0.5
7,1,15,C,6,2,0.333
7,1,15,D,4,1,0.25
7,1,16,A,6,1,0.167
7,1,16,B,4,0,0.0
7,1,16,C,6,0,0.0
7,1,16,D,4,0,0.0
7,1,17,A,6,1,0.167
7,1,17,B,4,1,0.25
7,1,17,C,6,2,0.333
7,1,17,D,4,0,0.0
7,1,18,A,6,2,0.333
7,1,18,B,4,0,0.0
7,1,18,C,6,0,0.0
7,1,18,D,4,0,0.0
7,2,6,A,6,1,0.167
7,2,6,B,4,2,0.5
7,2,6,C,6,2,0.333
7,2,6,D,4,0,0.0
7,2,7,A,6,4,0.667
7,2,7,B,4,1,0.25
7,2,7,C,6,2,0.333
7,2,7,D,4,0,0.0
7,2,8,A,6,3,0.5
7,2,8,B,4,1,0.25
7,2,8,C,6,3,0.5
7,2,8,D,4,2,0.5
7,2,9,A,6,3,0.5
7,2,9,B,4,1,0.25
7,2,9,C,6,2,0.333
7,2,9,D,4,2,0.5
7,2,10,A,6,1,0.167
7,2,10,B,4,1,0.25
7,2,10,C,6,2,0.333
7,2,10,D,4,0,0.0
7,2,11,A,6,2,0.333
7,2,11,B,4,0,0.0
7,2,11,C,6,2,0.333
7,2,11,D,4,1,0.25
7,2,12,A,6,3,0.5
7,2,12,B,4,0,0.0
7,2,12,C,6,2,0.333
7,2,12,D,4,1,0.25
7,2,13,A,6,3,0.5
7,2,13,B,4,1,0.25
7,2,13,C,6,1,0.167
7,2,13,D,4,1,0.25
7,2,14,A,6,4,0.667
7,2,14,B,4,1,0.25
7,2,14,C,6,2,0.333
7,2,14,D,4,1,0.25
7,2,15,A,6,3,0.5
7,2,15,B,4,1,0.25
7,2,15,C,6,2,0.333
7,2,15,D,4,1,0.25
7,2,16,A,6,1,0.167
7,2,16,B,4,0,0.0
7,2,16,C,6,1,0.167
7,2,16,D,4,1,0.25
7,2,17,A,6,0,0.0
7,2,17,B,4,0,0.0
7,2,17,C,6,1,0.167
7,2,17,D,4,0,0.0
7,2,18,A,6,2,0.333
7,2,18,B,4,0,0.0
7,2,18,C,6,0,0.0
7,2,18,D,4,0,0.0
7,3,6,A,6,1,0.167
7,3,6,B,4,1,0.25
7,3,6,C,6,1,0.167
7,3,6,D,4,0,0.0
7,3,7,A,6,2,0.333
7,3,7,B,4,2,0.5
7,3,7,C,6,2,0.333
7,3,7,D,4,1,0.25
7,3,8,A,6,3,0.5
7,3,8,B,4,1,0.25
7,3,8,C,6,3,0.5
7,3,8,D,4,1,0.25
7,3,9,A,6,3,0.5
7,3,9,B,4,2,0.5
7,3,9,C,6,2,0.333
7,3,9,D,4,1,0.25
7,3,10,A,6,2,0.333
7,3,10,B,4,1,0.25
7,3,10,C,6,2,0.333
7,3,10,D,4,1,0.25
7,3,11,A,6,2,0.333
7,3,11,B,4,1,0.25
7,3,11,C,6,2,0.333
7,3,11,D,4,1,0.25
7,3,12,A,6,2,0.333
7,3,12,B,4,2,0.5
7,3,12,C,6,2,0.333
7,3,12,D,4,0,0.0
7,3,13,A,6,2,0.333
7,3,13,B,4,2,0.5
7,3,13,C,6,2,0.333
7,3,13,D,4,1,0.25
7,3,14,A,6,3,0.5
7,3,14,B,4,2,0.5
7,3,14,C,6,2,0.333
7,3,14,D,4,1,0.25
7,3,15,A,6,2,0.333
7,3,15,B,4,1,0.25
7,3,15,C,6,1,0.167
7,3,15,D,4,1,0.25
7,3,16,A,6,1,0.167
7,3,16,B,4,0,0.0
7,3,16,C,6,1,0.167
7,3,16,D,4,1,0.25
7,3,17,A,6,1,0.167
7,3,17,B,4,0,0.0
7,3,17,C,6,1,0.167
7,3,17,D,4,0,0.0
7,3,18,A,6,1,0.167
7,3,18,B,4,0,0.0
7,3,18,C,6,0,0.0
7,3,18,D,4,0,0.0
7,4,6,A,6,1,0.167
7,4,6,B,4,2,0.5
7,4,6,C,6,1,0.167
7,4,6,D,4,0,0.0
7,4,7,A,6,2,0.333
7,4,7,B,4,0,0.0
7,4,7,C,6,2,0.333
7,4,7,D,4,2,0.5
7,4,8,A,6,2,0.333
7,4,8,B,4,1,0.25
7,4,8,C,6,2,0.333
7,4,8,D,4,1,0.25
7,4,9,A,6,2,0.333
7,4,9,B,4,0,0.0
7,4,9,C,6,2,0.333
7,4,9,D,4,0,0.0
7,4,10,A,6,2,0.333
7,4,10,B,4,1,0.25
7,4,10,C,6,1,0.167
7,4,10,D,4,1,0.25
7,4,11,A,6,1,0.167
7,4,11,B,4,0,0.0
7,4,11,C,6,1,0.167
7,4,11,D,4,2,0.5
7,4,12,A,6,2,0.333
7,4,12,B,4,0,0.0
7,4,12,C,6,2,0.333
7,4,12,D,4,0,0.0
7,4,13,A,6,1,0.167
7,4,13,B,4,1,0.25
7,4,13,C,6,1,0.167
7,4,13,D,4,1,0.25
7,4,14,A,6,2,0.333
7,4,14,B,4,1,0.25
7,4,14,C,6,2,0.333
7,4,14,D,4,2,0.5
7,4,15,A,6,2,0.333
7,4,15,B,4,1,0.25
7,4,15,C,6,0,0.0
7,4,15,D,4,1,0.25
7,4,16,A,6,1,0.167
7,4,16,B,4,1,0.25
7,4,16,C,6,0,0.0
7,4,16,D,4,0,0.0
7,4,17,A,6,0,0.0
7,4,17,B,4,0,0.0
7,4,17,C,6,0,0.0
7,4,17,D,4,0,0.0
7,4,18,A,6,0,0.0
7,4,18,B,4,0,0.0
7,4,18,C,6,0,0.0
7,4,18,D,4,0,0.0
7,5,6,A,6,1,0.167
7,5,6,B,4,0,0.0
7,5,6,C,6,0,0.0
7,5,6,D,4,0,0.0
7,5,7,A,6,1,0.167
7,5,7,B,4,1,0.25
7,5,7,C,6,1,0.167
7,5,7,D,4,1,0.25
7,5,8,A,6,2,0.333
7,5,8,B,4,0,0.0
7,5,8,C,6,1,0.167
7,5,8,D,4,0,0.0
7,5,9,A,6,1,0.167
7,5,9,B,4,0,0.0
7,5,9,C,6,0,0.0
7,5,9,D,4,0,0.0
7,5,10,A,6,1,0.167
7,5,10,B,4,1,0.25
7,5,10,C,6,0,0.0
7,5,10,D,4,0,0.0
7,5,11,A,6,1,0.167
7,5,11,B,4,0,0.0
7,5,11,C,6,0,0.0
7,5,11,D,4,0,0.0
7,5,12,A,6,1,0.167
7,5,12,B,4,1,0.25
7,5,12,C,6,1,0.167
7,5,12,D,4,0,0.0
7,5,13,A,6,2,0.333
7,5,13,B,4,0,0.0
7,5,13,C,6,0,0.0
7,5,13,D,4,0,0.0
7,5,14,A,6,2,0.333
7,5,14,B,4,0,0.0
7,5,14,C,6,2,0.333
7,5,14,D,4,0,0.0
7,5,15,A,6,1,0.167
7,5,15,B,4,0,0.0
7,5,15,C,6,0,0.0
7,5,15,D,4,0,0.0
7,5,16,A,6,0,0.0
7,5,16,B,4,0,0.0
7,5,16,C,6,1,0.167
7,5,16,D,4,0,0.0
7,5,17,A,6,0,0.0
7,5,17,B,4,0,0.0
7,5,17,C,6,0,0.0
7,5,17,D,4,0,0.0
7,5,18,A,6,0,0.0
7,5,18,B,4,0,0.0
7,5,18,C,6,0,0.0
7,5,18,D,4,0,0.0
8,0,6,A,6,2,0.333
8,0,6,B,4,0,0.0
8,0,6,C,6,1,0.167
8,0,6,D,4,0,0.0
8,0,7,A,6,2,0.333
8,0,7,B,4,1,0.25
8,0,7,C,6,1,0.167
8,0,7,D,4,1,0.25
8,0,8,A,6,3,0.5
8,0,8,B,4,2,0.5
8,0,8,C,6,4,0.667
8,0,8,D,4,2,0.5
8,0,9,A,6,2,0.333
8,0,9,B,4,2,0.5
8,0,9,C,6,2,0.333
8,0,9,D,4,1,0.25
8,0,10,A,6,2,0.333
8,0,10,B,4,2,0.5
8,0,10,C,6,2,0.333
8,0,10,D,4,0,0.0
8,0,11,A,6,1,0.167
8,0,11,B,4,0,0.0
8,0,11,C,6,2,0.333
8,0,11,D,4,1,0.25
8,0,12,A,6,2,0.333
8,0,12,B,4,1,0.25
8,0,12,C,6,2,0.333
8,0,12,D,4,0,0.0
8,0,13,A,6,3,0.5
8,0,13,B,4,1,0.25
8,0,13,C,6,3,0.5
8,0,13,D,4,1,0.25
8,0,14,A,6,2,0.333
8,0,14,B,4,1,0.25
8,0,14,C,6,2,0.333
8,0,14,D,4,1,0.25
8,0,15,A,6,2,0.333
8,0,15,B,4,1,0.25
8,0,15,C,6,1,0.167
8,0,15,D,4,1,0.25
8,0,16,A,6,1,0.167
8,0,16,B,4,0,0.0
8,0,16,C,6,1,0.167
8,0,16,D,4,1,0.25
8,0,17,A,6,1,0.167
8,0,17,B,4,0,0.0
8,0,17,C,6,0,0.0
8,0,17,D,4,0,0.0
8,0,18,A,6,1,0.167
8,0,18,B,4,0,0.0
8,0,18,C,6,1,0.167
8,0,18,D,4,1,0.25
8,1,6,A,6,1,0.167
8,1,6,B,4,1,0.25
8,1,6,C,6,2,0.333
8,1,6,D,4,1,0.25
8,1,7,A,6,3,0.5
8,1,7,B,4,1,0.25
8,1,7,C,6,2,0.333
8,1,7,D,4,2,0.5
8,1,8,A,6,3,0.5
8,1,8,B,4,1,0.25
8,1,8,C,6,2,0.333
8,1,8,D,4,1,0.25
8,1,9,A,6,3,0.5
8,1,9,B,4,1,0.25
8,1,9,C,6,2,0.333
8,1,9,D,4,1,0.25
8,1,10,A,6,3,0.5
8,1,10,B,4,1,0.25
8,1,10,C,6,1,0.167
8,1,10,D,4,1,0.25
8,1,11,A,6,2,0.333
8,1,11,B,4,1,0.25
8,1,11,C,6,2,0.333
8,1,11,D,4,1,0.25
8,1,12,A,6,3,0.5
8,1,12,B,4,1,0.25
8,1,12,C,6,2,0.333
8,1,12,D,4,1,0.25
8,1,13,A,6,3,0.5
8,1,13,B,4,1,0.25
8,1,13,C,6,2,0.333
8,1,13,D,4,0,0.0
8,1,14,A,6,2,0.333
8,1,14,B,4,0,0.0
8,1,14,C,6,2,0.333
8,1,14,D,4,0,0.0
8,1,15,A,6,1,0.167
8,1,15,B,4,1,0.25
8,1,15,C,6,2,0.333
8,1,15,D,4,1,0.25
8,1,16,A,6,1,0.167
8,1,16,B,4,1,0.25
8,1,16,C,6,1,0.167
8,1,16,D,4,1,0.25
8,1,17,A,6,0,0.0
8,1,17,B,4,0,0.0
8,1,17,C,6,0,0.0
8,1,17,D,4,0,0.0
8,1,18,A,6,1,0.167
8,1,18,B,4,0,0.0
8,1,18,C,6,0,0.0
8,1,18,D,4,0,0.0
8,2,6,A,6,2,0.333
8,2,6,B,4,1,0.25
8,2,6,C,6,2,0.333
8,2,6,D,4,0,0.0
8,2,7,A,6,2,0.333
8,2,7,B,4,2,0.5
8,2,7,C,6,2,0.333
8,2,7,D,4,1,0.25
8,2,8,A,6,4,0.667
8,2,8,B,4,2,0.5
8,2,8,C,6,2,0.333
8,2,8,D,4,1,0.25
8,2,9,A,6,3,0.5
8,2,9,B,4,1,0.25
8,2,9,C,6,4,0.667
8,2,9,D,4,2,0.5
8,2,10,A,6,1,0.167
8,2,10,B,4,0,0.0
8,2,10,C,6,3,0.5
8,2,10,D,4,2,0.5
8,2,11,A,6,2,0.333
8,2,11,B,4,0,0.0
8,2,11,C,6,1,0.167
8,2,11,D,4,0,0.0
8,2,12,A,6,2,0.333
8,2,12,B,4,0,0.0
8,2,12,C,6,3,0.5
8,2,12,D,4,0,0.0
8,2,13,A,6,2,0.333
8,2,13,B,4,1,0.25
8,2,13,C,6,2,0.333
8,2,13,D,4,1,0.25
8,2,14,A,6,3,0.5
8,2,14,B,4,2,0.5
8,2,14,C,6,2,0.333
8,2,14,D,4,1,0.25
8,2,15,A,6,1,0.167
8,2,15,B,4,1,0.25
8,2,15,C,6,2,0.333
8,2,15,D,4,1,0.25
8,2,16,A,6,1,0.167
8,2,16,B,4,1,0.25
8,2,16,C,6,2,0.333
8,2,16,D,4,0,0.0
8,2,17,A,6,0,0.0
8,2,17,B,4,1,0.25
8,2,17,C,6,1,0.167
8,2,17,D,4,0,0.0
8,2,18,A,6,1,0.167
8,2,18,B,4,2,0.5
8,2,18,C,6,0,0.0
8,2,18,D,4,0,0.0
8,3,6,A,6,2,0.333
8,3,6,B,4,1,0.25
8,3,6,C,6,1,0.167
8,3,6,D,4,0,0.0
8,3,7,A,6,3,0.5
8,3,7,B,4,1,0.25
8,3,7,C,6,3,0.5
8,3,7,D,4,2,0.5
8,3,8,A,6,4,0.667
8,3,8,B,4,2,0.5
8,3,8,C,6,2,0.333
8,3,8,D,4,1,0.25
8,3,9,A,6,3,0.5
8,3,9,B,4,0,0.0
8,3,9,C,6,1,0.167
8,3,9,D,4,1,0.25
8,3,10,A,6,2,0.333
8,3,10,B,4,2,0.5
8,3,10,C,6,2,0.333
8,3,10,D,4,1,0.25
8,3,11,A,6,2,0.333
8,3,11,B,4,1,0.25
8,3,11,C,6,1,0.167
8,3,11,D,4,1,0.25
8,3,12,A,6,4,0.667
8,3,12,B,4,2,0.5
8,3,12,C,6,2,0.333
8,3,12,D,4,1,0.25
8,3,13,A,6,2,0.333
8,3,13,B,4,1,0.25
8,3,13,C,6,2,0.333
8,3,13,D,4,1,0.25
8,3,14,A,6,2,0.333
8,3,14,B,4,1,0.25
8,3,14,C,6,2,0.333
8,3,14,D,4,1,0.25
8,3,15,A,6,2,0.333
8,3,15,B,4,0,0.0
8,3,15,C,6,0,0.0
8,3,15,D,4,1,0.25
8,3,16,A,6,0,0.0
8,3,16,B,4,0,0.0
8,3,16,C,6,0,0.0
8,3,16,D,4,0,0.0
8,3,17,A,6,1,0.167
8,3,17,B,4,1,0.25
8,3,17,C,6,1,0.167
8,3,17,D,4,0,0.0
8,3,18,A,6,1,0.167
8,3,18,B,4,0,0.0
8,3,18,C,6,2,0.333
8,3,18,D,4,0,0.0
8,4,6,A,6,1,0.167
8,4,6,B,4,1,0.25
8,4,6,C,6,2,0.333
8,4,6,D,4,0,0.0
8,4,7,A,6,2,0.333
8,4,7,B,4,1,0.25
8,4,7,C,6,1,0.167
8,4,7,D,4,1,0.25
8,4,8,A,6,3,0.5
8,4,8,B,4,1,0.25
8,4,8,C,6,2,0.333
8,4,8,D,4,0,0.0
8,4,9,A,6,2,0.333
8,4,9,B,4,1,0.25
8,4,9,C,6,1,0.167
8,4,9,D,4,0,0.0
8,4,10,A,6,0,0.0
8,4,10,B,4,0,0.0
8,4,10,C,6,1,0.167
8,4,10,D,4,1,0.25
8,4,11,A,6,1,0.167
8,4,11,B,4,0,0.0
8,4,11,C,6,2,0.333
8,4,11,D,4,2,0.5
8,4,12,A,6,3,0.5
8,4,12,B,4,1,0.25
8,4,12,C,6,2,0.333
8,4,12,D,4,0,0.0
8,4,13,A,6,2,0.333
8,4,13,B,4,1,0.25
8,4,13,C,6,2,0.333
8,4,13,D,4,1,0.25
8,4,14,A,6,3,0.5
8,4,14,B,4,2,0.5
8,4,14,C,6,1,0.167
8,4,14,D,4,2,0.5
8,4,15,A,6,2,0.333
8,4,15,B,4,1,0.25
8,4,15,C,6,2,0.333
8,4,15,D,4,1,0.25
8,4,16,A,6,0,0.0
8,4,16,B,4,1,0.25
8,4,16,C,6,2,0.333
8,4,16,D,4,0,0.0
8,4,17,A,6,0,0.0
8,4,17,B,4,0,0.0
8,4,17,C,6,0,0.0
8,4,17,D,4,0,0.0
8,4,18,A,6,0,0.0
8,4,18,B,4,0,0.0
8,4,18,C,6,1,0.167
8,4,18,D,4,0,0.0
8,5,6,A,6,1,0.167
8,5,6,B,4,0,0.0
8,5,6,C,6,0,0.0
8,5,6,D,4,0,0.0
8,5,7,A,6,0,0.0
8,5,7,B,4,0,0.0
8,5,7,C,6,1,0.167
8,5,7,D,4,0,0.0
8,5,8,A,6,1,0.167
8,5,8,B,4,1,0.25
8,5,8,C,6,1,0.167
8,5,8,D,4,1,0.25
8,5,9,A,6,1,0.167
8,5,9,B,4,1,0.25
8,5,9,C,6,2,0.333
8,5,9,D,4,1,0.25
8,5,10,A,6,0,0.0
8,5,10,B,4,0,0.0
8,5,10,C,6,1,0.167
8,5,10,D,4,0,0.0
8,5,11,A,6,0,0.0
8,5,11,B,4,0,0.0
8,5,11,C,6,0,0.0
8,5,11,D,4,0,0.0
8,5,12,A,6,2,0.333
8,5,12,B,4,0,0.0
8,5,12,C,6,1,0.167
8,5,12,D,4,0,0.0
8,5,13,A,6,1,0.167
8,5,13,B,4,0,0.0
8,5,13,C,6,0,0.0
8,5,13,D,4,0,0.0
8,5,14,A,6,0,0.0
8,5,14,B,4,1,0.25
8,5,14,C,6,0,0.0
8,5,14,D,4,0,0.0
8,5,15,A,6,1,0.167
8,5,15,B,4,0,0.0
8,5,15,C,6,0,0.0
8,5,15,D,4,0,0.0
8,5,16,A,6,0,0.0
8,5,16,B,4,1,0.25
8,5,16,C,6,0,0.0
8,5,16,D,4,0,0.0
8,5,17,A,6,0,0.0
8,5,17,B,4,0,0.0
8,5,17,C,6,1,0.167
8,5,17,D,4,0,0.0
8,5,18,A,6,1,0.167
8,5,18,B,4,0,0.0
8,5,18,C,6,0,0.0
8,5,18,D,4,0,0.0
9,0,6,A,6,2,0.333
9,0,6,B,4,1,0.25
9,0,6,C,6,1,0.167
9,0,6,D,4,1,0.25
9,0,7,A,6,4,0.667
9,0,7,B,4,0,0.0
9,0,7,C,6,1,0.167
9,0,7,D,4,1,0.25
9,0,8,A,6,2,0.333
9,0,8,B,4,2,0.5
9,0,8,C,6,2,0.333
9,0,8,D,4,1,0.25
9,0,9,A,6,3,0.5
9,0,9,B,4,2,0.5
9,0,9,C,6,3,0.5
9,0,9,D,4,0,0.0
9,0,10,A,6,1,0.167
9,0,10,B,4,2,0.5
9,0,10,C,6,2,0.333
9,0,10,D,4,1,0.25
9,0,11,A,6,1,0.167
9,0,11,B,4,0,0.0
9,0,11,C,6,1,0.167
9,0,11,D,4,0,0.0
9,0,12,A,6,2,0.333
9,0,12,B,4,1,0.25
9,0,12,C,6,2,0.333
9,0,12,D,4,1,0.25
9,0,13,A,6,3,0.5
9,0,13,B,4,2,0.5
9,0,13,C,6,2,0.333
9,0,13,D,4,1,0.25
9,0,14,A,6,2,0.333
9,0,14,B,4,2,0.5
9,0,14,C,6,2,0.333
9,0,14,D,4,1,0.25
9,0,15,A,6,1,0.167
9,0,15,B,4,1,0.25
9,0,15,C,6,2,0.333
9,0,15,D,4,1,0.25
9,0,16,A,6,1,0.167
9,0,16,B,4,0,0.0
9,0,16,C,6,0,0.0
9,0,16,D,4,0,0.0
9,0,17,A,6,2,0.333
9,0,17,B,4,0,0.0
9,0,17,C,6,1,0.167
9,0,17,D,4,0,0.0
9,0,18,A,6,1,0.167
9,0,18,B,4,0,0.0
9,0,18,C,6,0,0.0
9,0,18,D,4,1,0.25
9,1,6,A,6,2,0.333
9,1,6,B,4,0,0.0
9,1,6,C,6,1,0.167
9,1,6,D,4,1,0.25
9,1,7,A,6,2,0.333
9,1,7,B,4,1,0.25
9,1,7,C,6,2,0.333
9,1,7,D,4,1,0.25
9,1,8,A,6,4,0.667
9,1,8,B,4,1,0.25
9,1,8,C,6,3,0.5
9,1,8,D,4,1,0.25
9,1,9,A,6,2,0.333
9,1,9,B,4,1,0.25
9,1,9,C,6,3,0.5
9,1,9,D,4,1,0.25
9,1,10,A,6,3,0.5
9,1,10,B,4,2,0.5
9,1,10,C,6,2,0.333
9,1,10,D,4,0,0.0
9,1,11,A,6,2,0.333
9,1,11,B,4,0,0.0
9,1,11,C,6,2,0.333
9,1,11,D,4,0,0.0
9,1,12,A,6,2,0.333
9,1,12,B,4,2,0.5
9,1,12,C,6,2,0.333
9,1,12,D,4,1,0.25
9,1,13,A,6,3,0.5
9,1,13,B,4,1,0.25
9,1,13,C,6,2,0.333
9,1,13,D,4,3,0.75
9,1,14,A,6,3,0.5
9,1,14,B,4,1,0.25
9,1,14,C,6,2,0.333
9,1,14,D,4,1,0.25
9,1,15,A,6,2,0.333
9,1,15,B,4,1,0.25
9,1,15,C,6,2,0.333
9,1,15,D,4,1,0.25
9,1,16,A,6,1,0.167
9,1,16,B,4,0,0.0
9,1,16,C,6,2,0.333
9,1,16,D,4,0,0.0
9,1,17,A,6,2,0.333
9,1,17,B,4,1,0.25
9,1,17,C,6,1,0.167
9,1,17,D,4,0,0.0
9,1,18,A,6,2,0.333
9,1,18,B,4,0,0.0
9,1,18,C,6,1,0.167
9,1,18,D,4,0,0.0
9,2,6,A,6,2,0.333
9,2,6,B,4,0,0.0
9,2,6,C,6,0,0.0
9,2,6,D,4,1,0.25
9,2,7,A,6,2,0.333
9,2,7,B,4,2,0.5
9,2,7,C,6,1,0.167
9,2,7,D,4,1,0.25
9,2,8,A,6,4,0.667
9,2,8,B,4,2,0.5
9,2,8,C,6,3,0.5
9,2,8,D,4,2,0.5
9,2,9,A,6,3,0.5
9,2,9,B,4,2,0.5
9,2,9,C,6,2,0.333
9,2,9,D,4,1,0.25
9,2,10,A,6,2,0.333
9,2,10,B,4,1,0.25
9,2,10,C,6,2,0.333
9,2,10,D,4,0,0.0
9,2,11,A,6,2,0.333
9,2,11,B,4,1,0.25
9,2,11,C,6,1,0.167
9,2,11,D,4,0,0.0
9,2,12,A,6,2,0.333
9,2,12,B,4,1,0.25
9,2,12,C,6,2,0.333
9,2,12,D,4,2,0.5
9,2,13,A,6,2,0.333
9,2,13,B,4,2,0.5
9,2,13,C,6,3,0.5
9,2,13,D,4,1,0.25
9,2,14,A,6,2,0.333
9,2,14,B,4,2,0.5
9,2,14,C,6,2,0.333
9,2,14,D,4,1,0.25
9,2,15,A,6,1,0.167
9,2,15,B,4,1,0.25
9,2,15,C,6,2,0.333
9,2,15,D,4,1,0.25
9,2,16,A,6,1,0.167
9,2,16,B,4,0,0.0
9,2,16,C,6,1,0.167
9,2,16,D,4,0,0.0
9,2,17,A,6,2,0.333
9,2,17,B,4,0,0.0
9,2,17,C,6,0,0.0
9,2,17,D,4,0,0.0
9,2,18,A,6,1,0.167
9,2,18,B,4,0,0.0
9,2,18,C,6,0,0.0
9,2,18,D,4,0,0.0
9,3,6,A,6,1,0.167
9,3,6,B,4,1,0.25
9,3,6,C,6,1,0.167
9,3,6,D,4,0,0.0
9,3,7,A,6,4,0.667
9,3,7,B,4,2,0.5
9,3,7,C,6,2,0.333
9,3,7,D,4,2,0.5
9,3,8,A,6,3,0.5
9,3,8,B,4,2,0.5
9,3,8,C,6,1,0.167
9,3,8,D,4,2,0.5
9,3,9,A,6,2,0.333
9,3,9,B,4,2,0.5
9,3,9,C,6,2,0.333
9,3,9,D,4,2,0.5
9,3,10,A,6,2,0.333
9,3,10,B,4,1,0.25
9,3,10,C,6,1,0.167
9,3,10,D,4,1,0.25
9,3,11,A,6,1,0.167
9,3,11,B,4,0,0.0
9,3,11,C,6,2,0.333
9,3,11,D,4,1,0.25
9,3,12,A,6,2,0.333
9,3,12,B,4,1,0.25
9,3,12,C,6,2,0.333
9,3,12,D,4,1,0.25
9,3,13,A,6,3,0.5
9,3,13,B,4,1,0.25
9,3,13,C,6,3,0.5
9,3,13,D,4,0,0.0
9,3,14,A,6,2,0.333
9,3,14,B,4,1,0.25
9,3,14,C,6,2,0.333
9,3,14,D,4,2,0.5
9,3,15,A,6,2,0.333
9,3,15,B,4,0,0.0
9,3,15,C,6,1,0.167
9,3,15,D,4,1,0.25
9,3,16,A,6,1,0.167
9,3,16,B,4,0,0.0
9,3,16,C,6,2,0.333
9,3,16,D,4,0,0.0
9,3,17,A,6,0,0.0
9,3,17,B,4,0,0.0
9,3,17,C,6,0,0.0
9,3,17,D,4,1,0.25
9,3,18,A,6,1,0.167
9,3,18,B,4,0,0.0
9,3,18,C,6,0,0.0
9,3,18,D,4,0,0.0
9,4,6,A,6,2,0.333
9,4,6,B,4,0,0.0
9,4,6,C,6,0,0.0
9,4,6,D,4,0,0.0
9,4,7,A,6,3,0.5
9,4,7,B,4,1,0.25
9,4,7,C,6,1,0.167
9,4,7,D,4,0,0.0
9,4,8,A,6,2,0.333
9,4,8,B,4,2,0.5
9,4,8,C,6,2,0.333
9,4,8,D,4,2,0.5
9,4,9,A,6,2,0.333
9,4,9,B,4,1,0.25
9,4,9,C,6,2,0.333
9,4,9,D,4,0,0.0
9,4,10,A,6,2,0.333
9,4,10,B,4,0,0.0
9,4,10,C,6,1,0.167
9,4,10,D,4,0,0.0
9,4,11,A,6,2,0.333
9,4,11,B,4,2,0.5
9,4,11,C,6,2,0.333
9,4,11,D,4,1,0.25
9,4,12,A,6,2,0.333
9,4,12,B,4,2,0.5
9,4,12,C,6,0,0.0
9,4,12,D,4,1,0.25
9,4,13,A,6,2,0.333
9,4,13,B,4,2,0.5
9,4,13,C,6,2,0.333
9,4,13,D,4,1,0.25
9,4,14,A,6,2,0.333
9,4,14,B,4,1,0.25
9,4,14,C,6,2,0.333
9,4,14,D,4,1,0.25
9,4,15,A,6,2,0.333
9,4,15,B,4,0,0.0
9,4,15,C,6,0,0.0
9,4,15,D,4,1,0.25
9,4,16,A,6,0,0.0
9,4,16,B,4,0,0.0
9,4,16,C,6,2,0.333
9,4,16,D,4,0,0.0
9,4,17,A,6,0,0.0
9,4,17,B,4,0,0.0
9,4,17,C,6,0,0.0
9,4,17,D,4,1,0.25
9,4,18,A,6,0,0.0
9,4,18,B,4,0,0.0
9,4,18,C,6,1,0.167
9,4,18,D,4,0,0.0
9,5,6,A,6,1,0.167
9,5,6,B,4,0,0.0
9,5,6,C,6,1,0.167
9,5,6,D,4,0,0.0
9,5,7,A,6,0,0.0
9,5,7,B,4,0,0.0
9,5,7,C,6,0,0.0
9,5,7,D,4,1,0.25
9,5,8,A,6,1,0.167
9,5,8,B,4,0,0.0
9,5,8,C,6,1,0.167
9,5,8,D,4,1,0.25
9,5,9,A,6,1,0.167
9,5,9,B,4,1,0.25
9,5,9,C,6,1,0.167
9,5,9,D,4,0,0.0
9,5,10,A,6,2,0.333
9,5,10,B,4,0,0.0
9,5,10,C,6,0,0.0
9,5,10,D,4,0,0.0
9,5,11,A,6,0,0.0
9,5,11,B,4,0,0.0
9,5,11,C,6,1,0.167
9,5,11,D,4,0,0.0
9,5,12,A,6,1,0.167
9,5,12,B,4,0,0.0
9,5,12,C,6,0,0.0
9,5,12,D,4,0,0.0
9,5,13,A,6,1,0.167
9,5,13,B,4,0,0.0
9,5,13,C,6,0,0.0
9,5,13,D,4,0,0.0
9,5,14,A,6,0,0.0
9,5,14,B,4,0,0.0
9,5,14,C,6,0,0.0
9,5,14,D,4,1,0.25
9,5,15,A,6,1,0.167
9,5,15,B,4,0,0.0
9,5,15,C,6,0,0.0
9,5,15,D,4,0,0.0
9,5,16,A,6,0,0.0
9,5,16,B,4,0,0.0
9,5,16,C,6,0,0.0
9,5,16,D,4,0,0.0
9,5,17,A,6,0,0.0
9,5,17,B,4,0,0.0
9,5,17,C,6,0,0.0
9,5,17,D,4,0,0.0
9,5,18,A,6,0,0.0
9,5,18,B,4,0,0.0
9,5,18,C,6,0,0.0
9,5,18,D,4,0,0.0
10,0,6,A,6,2,0.333
10,0,6,B,4,1,0.25
10,0,6,C,6,1,0.167
10,0,6,D,4,1,0.25
10,0,7,A,6,2,0.333
10,0,7,B,4,1,0.25
10,0,7,C,6,2,0.333
10,0,7,D,4,1,0.25
10,0,8,A,6,3,0.5
10,0,8,B,4,2,0.5
10,0,8,C,6,2,0.333
10,0,8,D,4,1,0.25
10,0,9,A,6,2,0.333
10,0,9,B,4,1,0.25
10,0,9,C,6,2,0.333
10,0,9,D,4,1,0.25
10,0,10,A,6,2,0.333
10,0,10,B,4,1,0.25
10,0,10,C,6,2,0.333
10,0,10,D,4,0,0.0
10,0,11,A,6,1,0.167
10,0,11,B,4,1,0.25
10,0,11,C,6,2,0.333
10,0,11,D,4,1,0.25
10,0,12,A,6,3,0.5
10,0,12,B,4,1,0.25
10,0,12,C,6,2,0.333
10,0,12,D,4,1,0.25
10,0,13,A,6,2,0.333
10,0,13,B,4,2,0.5
10,0,13,C,6,2,0.333
10,0,13,D,4,2,0.5
10,0,14,A,6,3,0.5
10,0,14,B,4,1,0.25
10,0,14,C,6,2,0.333
10,0,14,D,4,0,0.0
10,0,15,A,6,2,0.333
10,0,15,B,4,1,0.25
10,0,15,C,6,2,0.333
10,0,15,D,4,1,0.25
10,0,16,A,6,0,0.0
10,0,16,B,4,0,0.0
10,0,16,C,6,1,0.167
10,0,16,D,4,0,0.0
10,0,17,A,6,1,0.167
10,0,17,B,4,0,0.0
10,0,17,C,6,1,0.167
10,0,17,D,4,0,0.0
10,0,18,A,6,1,0.167
10,0,18,B,4,0,0.0
10,0,18,C,6,1,0.167
10,0,18,D,4,0,0.0
10,1,6,A,6,1,0.167
10,1,6,B,4,1,0.25
10,1,6,C,6,1,0.167
10,1,6,D,4,0,0.0
10,1,7,A,6,2,0.333
10,1,7,B,4,1,0.25
10,1,7,C,6,3,0.5
10,1,7,D,4,2,0.5
10,1,8,A,6,4,0.667
10,1,8,B,4,2,0.5
10,1,8,C,6,2,0.333
10,1,8,D,4,2,0.5
10,1,9,A,6,4,0.667
10,1,9,B,4,2,0.5
10,1,9,C,6,2,0.333
10,1,9,D,4,2,0.5
10,1,10,A,6,2,0.333
10,1,10,B,4,1,0.25
10,1,10,C,6,2,0.333
10,1,10,D,4,1,0.25
10,1,11,A,6,1,0.167
10,1,11,B,4,1,0.25
10,1,11,C,6,2,0.333
10,1,11,D,4,0,0.0
10,1,12,A,6,4,0.667
10,1,12,B,4,2,0.5
10,1,12,C,6,2,0.333
10,1,12,D,4,1,0.25
10,1,13,A,6,2,0.333
10,1,13,B,4,0,0.0
10,1,13,C,6,2,0.333
10,1,13,D,4,1,0.25
10,1,14,A,6,3,0.5
10,1,14,B,4,1,0.25
10,1,14,C,6,3,0.5
10,1,14,D,4,1,0.25
10,1,15,A,6,2,0.333
10,1,15,B,4,1,0.25
10,1,15,C,6,1,0.167
10,1,15,D,4,1,0.25
10,1,16,A,6,1,0.167
10,1,16,B,4,1,0.25
10,1,16,C,6,2,0.333
10,1,16,D,4,0,0.0
10,1,17,A,6,1,0.167
10,1,17,B,4,0,0.0
10,1,17,C,6,1,0.167
10,1,17,D,4,0,0.0
10,1,18,A,6,0,0.0
10,1,18,B,4,0,0.0
10,1,18,C,6,0,0.0
10,1,18,D,4,0,0.0
10,2,6,A,6,2,0.333
10,2,6,B,4,0,0.0
10,2,6,C,6,2,0.333
10,2,6,D,4,0,0.0
10,2,7,A,6,3,0.5
10,2,7,B,4,1,0.25
10,2,7,C,6,2,0.333
10,2,7,D,4,2,0.5
10,2,8,A,6,4,0.667
10,2,8,B,4,2,0.5
10,2,8,C,6,4,0.667
10,2,8,D,4,2,0.5
10,2,9,A,6,2,0.333
10,2,9,B,4,2,0.5
10,2,9,C,6,2,0.333
10,2,9,D,4,1,0.25
10,2,10,A,6,2,0.333
10,2,10,B,4,2,0.5
10,2,10,C,6,2,0.333
10,2,10,D,4,0,0.0
10,2,11,A,6,2,0.333
10,2,11,B,4,1,0.25
10,2,11,C,6,3,0.5
10,2,11,D,4,1,0.25
10,2,12,A,6,2,0.333
10,2,12,B,4,1,0.25
10,2,12,C,6,2,0.333
10,2,12,D,4,1,0.25
10,2,13,A,6,2,0.333
10,2,13,B,4,1,0.25
10,2,13,C,6,3,0.5
10,2,13,D,4,1,0.25
10,2,14,A,6,2,0.333
10,2,14,B,4,1,0.25
10,2,14,C,6,2,0.333
10,2,14,D,4,2,0.5
10,2,15,A,6,3,0.5
10,2,15,B,4,1,0.25
10,2,15,C,6,1,0.167
10,2,15,D,4,1,0.25
10,2,16,A,6,1,0.167
10,2,16,B,4,2,0.5
10,2,16,C,6,0,0.0
10,2,16,D,4,0,0.0
10,2,17,A,6,1,0.167
10,2,17,B,4,0,0.0
10,2,17,C,6,0,0.0
10,2,17,D,4,0,0.0
10,2,18,A,6,1,0.167
10,2,18,B,4,0,0.0
10,2,18,C,6,0,0.0
10,2,18,D,4,0,0.0
10,3,6,A,6,2,0.333
10,3,6,B,4,1,0.25
10,3,6,C,6,2,0.333
10,3,6,D,4,1,0.25
10,3,7,A,6,2,0.333
10,3,7,B,4,2,0.5
10,3,7,C,6,2,0.333
10,3,7,D,4,2,0.5
10,3,8,A,6,3,0.5
10,3,8,B,4,2,0.5
10,3,8,C,6,2,0.333
10,3,8,D,4,1,0.25
10,3,9,A,6,2,0.333
10,3,9,B,4,1,0.25
10,3,9,C,6,3,0.5
10,3,9,D,4,2,0.5
10,3,10,A,6,2,0.333
10,3,10,B,4,0,0.0
10,3,10,C,6,2,0.333
10,3,10,D,4,1,0.25
10,3,11,A,6,2,0.333
10,3,11,B,4,1,0.25
10,3,11,C,6,2,0.333
10,3,11,D,4,1,0.25
10,3,12,A,6,2,0.333
10,3,12,B,4,2,0.5
10,3,12,C,6,3,0.5
10,3,12,D,4,2,0.5
10,3,13,A,6,2,0.333
10,3,13,B,4,2,0.5
10,3,13,C,6,2,0.333
10,3,13,D,4,1,0.25
10,3,14,A,6,4,0.667
10,3,14,B,4,2,0.5
10,3,14,C,6,2,0.333
10,3,14,D,4,1,0.25
10,3,15,A,6,1,0.167
10,3,15,B,4,1,0.25
10,3,15,C,6,1,0.167
10,3,15,D,4,2,0.5
10,3,16,A,6,2,0.333
10,3,16,B,4,0,0.0
10,3,16,C,6,0,0.0
10,3,16,D,4,0,0.0
10,3,17,A,6,1,0.167
10,3,17,B,4,0,0.0
10,3,17,C,6,1,0.167
10,3,17,D,4,0,0.0
10,3,18,A,6,1,0.167
10,3,18,B,4,0,0.0
10,3,18,C,6,2,0.333
10,3,18,D,4,0,0.0
10,4,6,A,6,2,0.333
10,4,6,B,4,1,0.25
10,4,6,C,6,1,0.167
10,4,6,D,4,1,0.25
10,4,7,A,6,2,0.333
10,4,7,B,4,1,0.25
10,4,7,C,6,2,0.333
10,4,7,D,4,2,0.5
10,4,8,A,6,4,0.667
10,4,8,B,4,2,0.5
10,4,8,C,6,2,0.333
10,4,8,D,4,1,0.25
10,4,9,A,6,2,0.333
10,4,9,B,4,2,0.5
10,4,9,C,6,3,0.5
10,4,9,D,4,1,0.25
10,4,10,A,6,1,0.167
10,4,10,B,4,0,0.0
10,4,10,C,6,1,0.167
10,4,10,D,4,0,0.0
10,4,11,A,6,1,0.167
10,4,11,B,4,0,0.0
10,4,11,C,6,1,0.167
10,4,11,D,4,0,0.0
10,4,12,A,6,3,0.5
10,4,12,B,4,1,0.25
10,4,12,C,6,1,0.167
10,4,12,D,4,1,0.25
10,4,13,A,6,3,0.5
10,4,13,B,4,1,0.25
10,4,13,C,6,2,0.333
10,4,13,D,4,1,0.25
10,4,14,A,6,2,0.333
10,4,14,B,4,1,0.25
10,4,14,C,6,2,0.333
10,4,14,D,4,1,0.25
10,4,15,A,6,2,0.333
10,4,15,B,4,0,0.0
10,4,15,C,6,1,0.167
10,4,15,D,4,1,0.25
10,4,16,A,6,2,0.333
10,4,16,B,4,0,0.0
10,4,16,C,6,0,0.0
10,4,16,D,4,0,0.0
10,4,17,A,6,1,0.167
10,4,17,B,4,0,0.0
10,4,17,C,6,0,0.0
10,4,17,D,4,0,0.0
10,4,18,A,6,1,0.167
10,4,18,B,4,0,0.0
10,4,18,C,6,0,0.0
10,4,18,D,4,0,0.0
10,5,6,A,6,0,0.0
10,5,6,B,4,0,0.0
10,5,6,C,6,0,0.0
10,5,6,D,4,0,0.0
10,5,7,A,6,0,0.0
10,5,7,B,4,0,0.0
10,5,7,C,6,1,0.167
10,5,7,D,4,1,0.25
10,5,8,A,6,1,0.167
10,5,8,B,4,0,0.0
10,5,8,C,6,1,0.167
10,5,8,D,4,0,0.0
10,5,9,A,6,0,0.0
10,5,9,B,4,0,0.0
10,5,9,C,6,0,0.0
10,5,9,D,4,1,0.25
10,5,10,A,6,1,0.167
10,5,10,B,4,1,0.25
10,5,10,C,6,1,0.167
10,5,10,D,4,0,0.0
10,5,11,A,6,0,0.0
10,5,11,B,4,0,0.0
10,5,11,C,6,0,0.0
10,5,11,D,4,0,0.0
10,5,12,A,6,1,0.167
10,5,12,B,4,0,0.0
10,5,12,C,6,1,0.167
10,5,12,D,4,0,0.0
10,5,13,A,6,1,0.167
10,5,13,B,4,0,0.0
10,5,13,C,6,1,0.167
10,5,13,D,4,0,0.0
10,5,14,A,6,1,0.167
10,5,14,B,4,0,0.0
10,5,14,C,6,2,0.333
10,5,14,D,4,0,0.0
10,5,15,A,6,0,0.0
10,5,15,B,4,0,0.0
10,5,15,C,6,1,0.167
10,5,15,D,4,0,0.0
10,5,16,A,6,0,0.0
10,5,16,B,4,0,0.0
10,5,16,C,6,0,0.0
10,5,16,D,4,0,0.0
10,5,17,A,6,0,0.0
10,5,17,B,4,0,0.0
10,5,17,C,6,1,0.167
10,5,17,D,4,0,0.0
10,5,18,A,6,0,0.0
10,5,18,B,4,1,0.25
10,5,18,C,6,0,0.0
10,5,18,D,4,0,0.0
11,0,6,A,6,2,0.333
11,0,6,B,4,1,0.25
11,0,6,C,6,2,0.333
11,0,6,D,4,0,0.0
11,0,7,A,6,3,0.5
11,0,7,B,4,1,0.25
11,0,7,C,6,3,0.5
11,0,7,D,4,2,0.5
11,0,8,A,6,2,0.333
11,0,8,B,4,2,0.5
11,0,8,C,6,2,0.333
11,0,8,D,4,1,0.25
11,0,9,A,6,2,0.333
11,0,9,B,4,0,0.0
11,0,9,C,6,1,0.167
11,0,9,D,4,2,0.5
11,0,10,A,6,3,0.5
11,0,10,B,4,1,0.25
11,0,10,C,6,2,0.333
11,0,10,D,4,0,0.0
11,0,11,A,6,1,0.167
11,0,11,B,4,2,0.5
11,0,11,C,6,1,0.167
11,0,11,D,4,1,0.25
11,0,12,A,6,3,0.5
11,0,12,B,4,2,0.5
11,0,12,C,6,2,0.333
11,0,12,D,4,0,0.0
11,0,13,A,6,2,0.333
11,0,13,B,4,2,0.5
11,0,13,C,6,2,0.333
11,0,13,D,4,2,0.5
11,0,14,A,6,2,0.333
11,0,14,B,4,1,0.25
11,0,14,C,6,2,0.333
11,0,14,D,4,1,0.25
11,0,15,A,6,2,0.333
11,0,15,B,4,0,0.0
11,0,15,C,6,0,0.0
11,0,15,D,4,0,0.0
11,0,16,A,6,1,0.167
11,0,16,B,4,0,0.0
11,0,16,C,6,1,0.167
11,0,16,D,4,0,0.0
11,0,17,A,6,1,0.167
11,0,17,B,4,0,0.0
11,0,17,C,6,1,0.167
11,0,17,D,4,0,0.0
11,0,18,A,6,1,0.167
11,0,18,B,4,0,0.0
11,0,18,C,6,1,0.167
11,0,18,D,4,0,0.0
11,1,6,A,6,2,0.333
11,1,6,B,4,0,0.0
11,1,6,C,6,1,0.167
11,1,6,D,4,1,0.25
11,1,7,A,6,4,0.667
11,1,7,B,4,2,0.5
11,1,7,C,6,3,0.5
11,1,7,D,4,0,0.0
11,1,8,A,6,3,0.5
11,1,8,B,4,2,0.5
11,1,8,C,6,4,0.667
11,1,8,D,4,1,0.25
11,1,9,A,6,2,0.333
11,1,9,B,4,2,0.5
11,1,9,C,6,2,0.333
11,1,9,D,4,1,0.25
11,1,10,A,6,2,0.333
11,1,10,B,4,2,0.5
11,1,10,C,6,2,0.333
11,1,10,D,4,0,0.0
11,1,11,A,6,2,0.333
11,1,11,B,4,1,0.25
11,1,11,C,6,2,0.333
11,1,11,D,4,1,0.25
11,1,12,A,6,2,0.333
11,1,12,B,4,1,0.25
11,1,12,C,6,2,0.333
11,1,12,D,4,1,0.25
11,1,13,A,6,3,0.5
11,1,13,B,4,2,0.5
11,1,13,C,6,3,0.5
11,1,13,D,4,2,0.5
11,1,14,A,6,2,0.333
11,1,14,B,4,1,0.25
11,1,14,C,6,2,0.333
11,1,14,D,4,1,0.25
11,1,15,A,6,2,0.333
11,1,15,B,4,1,0.25
11,1,15,C,6,2,0.333
11,1,15,D,4,0,0.0
11,1,16,A,6,1,0.167
11,1,16,B,4,1,0.25
11,1,16,C,6,1,0.167
11,1,16,D,4,1,0.25
11,1,17,A,6,0,0.0
11,1,17,B,4,1,0.25
11,1,17,C,6,1,0.167
11,1,17,D,4,0,0.0
11,1,18,A,6,1,0.167
11,1,18,B,4,0,0.0
11,1,18,C,6,1,0.167
11,1,18,D,4,0,0.0
11,2,6,A,6,1,0.167
11,2,6,B,4,0,0.0
11,2,6,C,6,2,0.333
11,2,6,D,4,0,0.0
11,2,7,A,6,3,0.5
11,2,7,B,4,2,0.5
11,2,7,C,6,3,0.5
11,2,7,D,4,1,0.25
11,2,8,A,6,2,0.333
11,2,8,B,4,2,0.5
11,2,8,C,6,2,0.333
11,2,8,D,4,2,0.5
11,2,9,A,6,4,0.667
11,2,9,B,4,1,0.25
11,2,9,C,6,3,0.5
11,2,9,D,4,1,0.25
11,2,10,A,6,1,0.167
11,2,10,B,4,1,0.25
11,2,10,C,6,2,0.333
11,2,10,D,4,1,0.25
11,2,11,A,6,2,0.333
11,2,11,B,4,2,0.5
11,2,11,C,6,2,0.333
11,2,11,D,4,2,0.5
11,2,12,A,6,4,0.667
11,2,12,B,4,1,0.25
11,2,12,C,6,2,0.333
11,2,12,D,4,1,0.25
11,2,13,A,6,2,0.333
11,2,13,B,4,1,0.25
11,2,13,C,6,2,0.333
11,2,13,D,4,2,0.5
11,2,14,A,6,3,0.5
11,2,14,B,4,1,0.25
11,2,14,C,6,2,0.333
11,2,14,D,4,1,0.25
11,2,15,A,6,3,0.5
11,2,15,B,4,1,0.25
11,2,15,C,6,2,0.333
11,2,15,D,4,1,0.25
11,2,16,A,6,0,0.0
11,2,16,B,4,0,0.0
11,2,16,C,6,2,0.333
11,2,16,D,4,1,0.25
11,2,17,A,6,1,0.167
11,2,17,B,4,1,0.25
11,2,17,C,6,1,0.167
11,2,17,D,4,1,0.25
11,2,18,A,6,1,0.167
11,2,18,B,4,0,0.0
11,2,18,C,6,0,0.0
11,2,18,D,4,0,0.0
11,3,6,A,6,1,0.167
11,3,6,B,4,1,0.25
11,3,6,C,6,1,0.167
11,3,6,D,4,0,0.0
11,3,7,A,6,2,0.333
11,3,7,B,4,1,0.25
11,3,7,C,6,4,0.667
11,3,7,D,4,2,0.5
11,3,8,A,6,4,0.667
11,3,8,B,4,2,0.5
11,3,8,C,6,3,0.5
11,3,8,D,4,2,0.5
11,3,9,A,6,4,0.667
11,3,9,B,4,1,0.25
11,3,9,C,6,2,0.333
11,3,9,D,4,1,0.25
11,3,10,A,6,1,0.167
11,3,10,B,4,1,0.25
11,3,10,C,6,2,0.333
11,3,10,D,4,1,0.25
11,3,11,A,6,2,0.333
11,3,11,B,4,0,0.0
11,3,11,C,6,1,0.167
11,3,11,D,4,1,0.25
11,3,12,A,6,2,0.333
11,3,12,B,4,1,0.25
11,3,12,C,6,2,0.333
11,3,12,D,4,1,0.25
11,3,13,A,6,3,0.5
11,3,13,B,4,2,0.5
11,3,13,C,6,2,0.333
11,3,13,D,4,1,0.25
11,3,14,A,6,2,0.333
11,3,14,B,4,2,0.5
11,3,14,C,6,2,0.333
11,3,14,D,4,1,0.25
11,3,15,A,6,2,0.333
11,3,15,B,4,1,0.25
11,3,15,C,6,2,0.333
11,3,15,D,4,1,0.25
11,3,16,A,6,0,0.0
11,3,16,B,4,1,0.25
11,3,16,C,6,0,0.0
11,3,16,D,4,0,0.0
11,3,17,A,6,2,0.333
11,3,17,B,4,0,0.0
11,3,17,C,6,1,0.167
11,3,17,D,4,0,0.0
11,3,18,A,6,1,0.167
11,3,18,B,4,0,0.0
11,3,18,C,6,0,0.0
11,3,18,D,4,0,0.0
11,4,6,A,6,2,0.333
11,4,6,B,4,0,0.0
11,4,6,C,6,1,0.167
11,4,6,D,4,2,0.5
11,4,7,A,6,3,0.5
11,4,7,B,4,2,0.5
11,4,7,C,6,1,0.167
11,4,7,D,4,1,0.25
11,4,8,A,6,2,0.333
11,4,8,B,4,1,0.25
11,4,8,C,6,3,0.5
11,4,8,D,4,1,0.25
11,4,9,A,6,2,0.333
11,4,9,B,4,1,0.25
11,4,9,C,6,4,0.667
11,4,9,D,4,2,0.5
11,4,10,A,6,1,0.167
11,4,10,B,4,1,0.25
11,4,10,C,6,2,0.333
11,4,10,D,4,1,0.25
11,4,11,A,6,2,0.333
11,4,11,B,4,1,0.25
11,4,11,C,6,2,0.333
11,4,11,D,4,2,0.5
11,4,12,A,6,3,0.5
11,4,12,B,4,2,0.5
11,4,12,C,6,2,0.333
11,4,12,D,4,0,0.0
11,4,13,A,6,2,0.333
11,4,13,B,4,0,0.0
11,4,13,C,6,3,0.5
11,4,13,D,4,1,0.25
11,4,14,A,6,2,0.333
11,4,14,B,4,1,0.25
11,4,14,C,6,3,0.5
11,4,14,D,4,0,0.0
11,4,15,A,6,2,0.333
11,4,15,B,4,0,0.0
11,4,15,C,6,2,0.333
11,4,15,D,4,0,0.0
11,4,16,A,6,2,0.333
11,4,16,B,4,1,0.25
11,4,16,C,6,2,0.333
11,4,16,D,4,0,0.0
11,4,17,A,6,0,0.0
11,4,17,B,4,0,0.0
11,4,17,C,6,0,0.0
11,4,17,D,4,0,0.0
11,4,18,A,6,0,0.0
11,4,18,B,4,0,0.0
11,4,18,C,6,1,0.167
11,4,18,D,4,0,0.0
11,5,6,A,6,0,0.0
11,5,6,B,4,0,0.0
11,5,6,C,6,0,0.0
11,5,6,D,4,0,0.0
11,5,7,A,6,0,0.0
11,5,7,B,4,0,0.0
11,5,7,C,6,0,0.0
11,5,7,D,4,0,0.0
11,5,8,A,6,1,0.167
11,5,8,B,4,1,0.25
11,5,8,C,6,1,0.167
11,5,8,D,4,0,0.0
11,5,9,A,6,1,0.167
11,5,9,B,4,1,0.25
11,5,9,C,6,1,0.167
11,5,9,D,4,0,0.0
11,5,10,A,6,1,0.167
11,5,10,B,4,0,0.0
11,5,10,C,6,0,0.0
11,5,10,D,4,0,0.0
11,5,11,A,6,1,0.167
11,5,11,B,4,0,0.0
11,5,11,C,6,0,0.0
11,5,11,D,4,0,0.0
11,5,12,A,6,2,0.333
11,5,12,B,4,0,0.0
11,5,12,C,6,0,0.0
11,5,12,D,4,0,0.0
11,5,13,A,6,0,0.0
11,5,13,B,4,1,0.25
11,5,13,C,6,0,0.0
11,5,13,D,4,1,0.25
11,5,14,A,6,0,0.0
11,5,14,B,4,0,0.0
11,5,14,C,6,1,0.167
11,5,14,D,4,0,0.0
11,5,15,A,6,1,0.167
11,5,15,B,4,0,0.0
11,5,15,C,6,0,0.0
11,5,15,D,4,0,0.0
11,5,16,A,6,0,0.0
11,5,16,B,4,0,0.0
11,5,16,C,6,0,0.0
11,5,16,D,4,0,0.0
11,5,17,A,6,0,0.0
11,5,17,B,4,0,0.0
11,5,17,C,6,0,0.0
11,5,17,D,4,0,0.0
11,5,18,A,6,0,0.0
11,5,18,B,4,0,0.0
11,5,18,C,6,0,0.0
11,5,18,D,4,0,0.0
12,0,6,A,6,1,0.167
12,0,6,B,4,1,0.25
12,0,6,C,6,0,0.0
12,0,6,D,4,0,0.0
12,0,7,A,6,2,0.333
12,0,7,B,4,1,0.25
12,0,7,C,6,2,0.333
12,0,7,D,4,2,0.5
12,0,8,A,6,3,0.5
12,0,8,B,4,2,0.5
12,0,8,C,6,2,0.333
12,0,8,D,4,2,0.5
12,0,9,A,6,2,0.333
12,0,9,B,4,1,0.25
12,0,9,C,6,2,0.333
12,0,9,D,4,0,0.0
12,0,10,A,6,2,0.333
12,0,10,B,4,1,0.25
12,0,10,C,6,2,0.333
12,0,10,D,4,1,0.25
12,0,11,A,6,2,0.333
12,0,11,B,4,1,0.25
12,0,11,C,6,2,0.333
12,0,11,D,4,1,0.25
12,0,12,A,6,2,0.333
12,0,12,B,4,2,0.5
12,0,12,C,6,0,0.0
12,0,12,D,4,0,0.0
12,0,13,A,6,3,0.5
12,0,13,B,4,2,0.5
12,0,13,C,6,2,0.333
12,0,13,D,4,1,0.25
12,0,14,A,6,2,0.333
12,0,14,B,4,2,0.5
12,0,14,C,6,3,0.5
12,0,14,D,4,0,0.0
12,0,15,A,6,2,0.333
12,0,15,B,4,0,0.0
12,0,15,C,6,2,0.333
12,0,15,D,4,0,0.0
12,0,16,A,6,1,0.167
12,0,16,B,4,0,0.0
12,0,16,C,6,1,0.167
12,0,16,D,4,0,0.0
12,0,17,A,6,2,0.333
12,0,17,B,4,0,0.0
12,0,17,C,6,2,0.333
12,0,17,D,4,0,0.0
12,0,18,A,6,0,0.0
12,0,18,B,4,0,0.0
12,0,18,C,6,2,0.333
12,0,18,D,4,0,0.0
12,1,6,A,6,2,0.333
12,1,6,B,4,1,0.25
12,1,6,C,6,2,0.333
12,1,6,D,4,0,0.0
12,1,7,A,6,2,0.333
12,1,7,B,4,2,0.5
12,1,7,C,6,2,0.333
12,1,7,D,4,2,0.5
12,1,8,A,6,4,0.667
12,1,8,B,4,0,0.0
12,1,8,C,6,2,0.333
12,1,8,D,4,2,0.5
12,1,9,A,6,3,0.5
12,1,9,B,4,1,0.25
12,1,9,C,6,2,0.333
12,1,9,D,4,2,0.5
12,1,10,A,6,2,0.333
12,1,10,B,4,1,0.25
12,1,10,C,6,2,0.333
12,1,10,D,4,1,0.25
12,1,11,A,6,1,0.167
12,1,11,B,4,1,0.25
12,1,11,C,6,2,0.333
12,1,11,D,4,1,0.25
12,1,12,A,6,3,0.5
12,1,12,B,4,2,0.5
12,1,12,C,6,2,0.333
12,1,12,D,4,1,0.25
12,1,13,A,6,2,0.333
12,1,13,B,4,1,0.25
12,1,13,C,6,1,0.167
12,1,13,D,4,1,0.25
12,1,14,A,6,3,0.5
12,1,14,B,4,1,0.25
12,1,14,C,6,2,0.333
12,1,14,D,4,1,0.25
12,1,15,A,6,2,0.333
12,1,15,B,4,2,0.5
12,1,15,C,6,1,0.167
12,1,15,D,4,2,0.5
12,1,16,A,6,0,0.0
12,1,16,B,4,1,0.25
12,1,16,C,6,2,0.333
12,1,16,D,4,0,0.0
12,1,17,A,6,1,0.167
12,1,17,B,4,0,0.0
12,1,17,C,6,1,0.167
12,1,17,D,4,1,0.25
12,1,18,A,6,1,0.167
12,1,18,B,4,1,0.25
12,1,18,C,6,1,0.167
12,1,18,D,4,0,0.0
12,2,6,A,6,2,0.333
12,2,6,B,4,1,0.25
12,2,6,C,6,2,0.333
12,2,6,D,4,0,0.0
12,2,7,A,6,3,0.5
12,2,7,B,4,1,0.25
12,2,7,C,6,2,0.333
12,2,7,D,4,1,0.25
12,2,8,A,6,4,0.667
12,2,8,B,4,2,0.5
12,2,8,C,6,2,0.333
12,2,8,D,4,1,0.25
12,2,9,A,6,2,0.333
12,2,9,B,4,2,0.5
12,2,9,C,6,2,0.333
12,2,9,D,4,2,0.5
12,2,10,A,6,2,0.333
12,2,10,B,4,1,0.25
12,2,10,C,6,2,0.333
12,2,10,D,4,1,0.25
12,2,11,A,6,3,0.5
12,2,11,B,4,1,0.25
12,2,11,C,6,2,0.333
12,2,11,D,4,0,0.0
12,2,12,A,6,3,0.5
12,2,12,B,4,0,0.0
12,2,12,C,6,2,0.333
12,2,12,D,4,1,0.25
12,2,13,A,6,2,0.333
12,2,13,B,4,2,0.5
12,2,13,C,6,2,0.333
12,2,13,D,4,1,0.25
12,2,14,A,6,3,0.5
12,2,14,B,4,1,0.25
12,2,14,C,6,0,0.0
12,2,14,D,4,2,0.5
12,2,15,A,6,1,0.167
12,2,15,B,4,0,0.0
12,2,15,C,6,1,0.167
12,2,15,D,4,1,0.25
12,2,16,A,6,1,0.167
12,2,16,B,4,0,0.0
12,2,16,C,6,0,0.0
12,2,16,D,4,0,0.0
12,2,17,A,6,1,0.167
12,2,17,B,4,0,0.0
12,2,17,C,6,1,0.167
12,2,17,D,4,0,0.0
12,2,18,A,6,0,0.0
12,2,18,B,4,0,0.0
12,2,18,C,6,0,0.0
12,2,18,D,4,0,0.0
12,3,6,A,6,2,0.333
12,3,6,B,4,0,0.0
12,3,6,C,6,0,0.0
12,3,6,D,4,0,0.0
12,3,7,A,6,3,0.5
12,3,7,B,4,2,0.5
12,3,7,C,6,2,0.333
12,3,7,D,4,1,0.25
12,3,8,A,6,3,0.5
12,3,8,B,4,1,0.25
12,3,8,C,6,4,0.667
12,3,8,D,4,2,0.5
12,3,9,A,6,2,0.333
12,3,9,B,4,2,0.5
12,3,9,C,6,2,0.333
12,3,9,D,4,2,0.5
12,3,10,A,6,2,0.333
12,3,10,B,4,1,0.25
12,3,10,C,6,2,0.333
12,3,10,D,4,1,0.25
12,3,11,A,6,4,0.667
12,3,11,B,4,2,0.5
12,3,11,C,6,2,0.333
12,3,11,D,4,0,0.0
12,3,12,A,6,2,0.333
12,3,12,B,4,1,0.25
12,3,12,C,6,1,0.167
12,3,12,D,4,1,0.25
12,3,13,A,6,2,0.333
12,3,13,B,4,1,0.25
12,3,13,C,6,1,0.167
12,3,13,D,4,1,0.25
12,3,14,A,6,3,0.5
12,3,14,B,4,2,0.5
12,3,14,C,6,3,0.5
12,3,14,D,4,2,0.5
12,3,15,A,6,2,0.333
12,3,15,B,4,1,0.25
12,3,15,C,6,2,0.333
12,3,15,D,4,1,0.25
12,3,16,A,6,2,0.333
12,3,16,B,4,0,0.0
12,3,16,C,6,1,0.167
12,3,16,D,4,2,0.5
12,3,17,A,6,1,0.167
12,3,17,B,4,0,0.0
12,3,17,C,6,1,0.167
12,3,17,D,4,0,0.0
12,3,18,A,6,0,0.0
12,3,18,B,4,1,0.25
12,3,18,C,6,1,0.167
12,3,18,D,4,0,0.0
12,4,6,A,6,1,0.167
12,4,6,B,4,1,0.25
12,4,6,C,6,1,0.167
12,4,6,D,4,1,0.25
12,4,7,A,6,2,0.333
12,4,7,B,4,1,0.25
12,4,7,C,6,2,0.333
12,4,7,D,4,1,0.25
12,4,8,A,6,3,0.5
12,4,8,B,4,2,0.5
12,4,8,C,6,2,0.333
12,4,8,D,4,2,0.5
12,4,9,A,6,2,0.333
12,4,9,B,4,1,0.25
12,4,9,C,6,2,0.333
12,4,9,D,4,1,0.25
12,4,10,A,6,2,0.333
12,4,10,B,4,1,0.25
12,4,10,C,6,1,0.167
12,4,10,D,4,0,0.0
12,4,11,A,6,2,0.333
12,4,11,B,4,1,0.25
12,4,11,C,6,2,0.333
12,4,11,D,4,1,0.25
12,4,12,A,6,1,0.167
12,4,12,B,4,0,0.0
12,4,12,C,6,2,0.333
12,4,12,D,4,1,0.25
12,4,13,A,6,4,0.667
12,4,13,B,4,2,0.5
12,4,13,C,6,2,0.333
12,4,13,D,4,1,0.25
12,4,14,A,6,3,0.5
12,4,14,B,4,1,0.25
12,4,14,C,6,2,0.333
12,4,14,D,4,1,0.25
12,4,15,A,6,1,0.167
12,4,15,B,4,1,0.25
12,4,15,C,6,1,0.167
12,4,15,D,4,0,0.0
12,4,16,A,6,0,0.0
12,4,16,B,4,1,0.25
12,4,16,C,6,1,0.167
12,4,16,D,4,0,0.0
12,4,17,A,6,0,0.0
12,4,17,B,4,0,0.0
12,4,17,C,6,3,0.5
12,4,17,D,4,1,0.25
12,4,18,A,6,0,0.0
12,4,18,B,4,0,0.0
12,4,18,C,6,0,0.0
12,4,18,D,4,0,0.0
12,5,6,A,6,0,0.0
12,5,6,B,4,0,0.0
12,5,6,C,6,1,0.167
12,5,6,D,4,0,0.0
12,5,7,A,6,1,0.167
12,5,7,B,4,0,0.0
12,5,7,C,6,0,0.0
12,5,7,D,4,0,0.0
12,5,8,A,6,1,0.167
12,5,8,B,4,0,0.0
12,5,8,C,6,2,0.333
12,5,8,D,4,1,0.25
12,5,9,A,6,2,0.333
12,5,9,B,4,0,0.0
12,5,9,C,6,1,0.167
12,5,9,D,4,0,0.0
12,5,10,A,6,1,0.167
12,5,10,B,4,1,0.25
12,5,10,C,6,0,0.0
12,5,10,D,4,0,0.0
12,5,11,A,6,1,0.167
12,5,11,B,4,0,0.0
12,5,11,C,6,0,0.0
12,5,11,D,4,0,0.0
12,5,12,A,6,2,0.333
12,5,12,B,4,0,0.0
12,5,12,C,6,0,0.0
12,5,12,D,4,0,0.0
12,5,13,A,6,1,0.167
12,5,13,B,4,1,0.25
12,5,13,C,6,1,0.167
12,5,13,D,4,0,0.0
12,5,14,A,6,0,0.0
12,5,14,B,4,0,0.0
12,5,14,C,6,0,0.0
12,5,14,D,4,0,0.0
12,5,15,A,6,0,0.0
12,5,15,B,4,0,0.0
12,5,15,C,6,1,0.167
12,5,15,D,4,0,0.0
12,5,16,A,6,0,0.0
12,5,16,B,4,0,0.0
12,5,16,C,6,0,0.0
12,5,16,D,4,0,0.0
12,5,17,A,6,0,0.0
12,5,17,B,4,1,0.25
12,5,17,C,6,0,0.0
12,5,17,D,4,0,0.0
12,5,18,A,6,0,0.0
12,5,18,B,4,0,0.0
12,5,18,C,6,1,0.167
12,5,18,D,4,0,0.0
13,0,6,A,6,1,0.167
13,0,6,B,4,1,0.25
13,0,6,C,6,2,0.333
13,0,6,D,4,0,0.0
13,0,7,A,6,2,0.333
13,0,7,B,4,1,0.25
13,0,7,C,6,2,0.333
13,0,7,D,4,1,0.25
13,0,8,A,6,3,0.5
13,0,8,B,4,1,0.25
13,0,8,C,6,2,0.333
13,0,8,D,4,2,0.5
13,0,9,A,6,2,0.333
13,0,9,B,4,1,0.25
13,0,9,C,6,3,0.5
13,0,9,D,4,1,0.25
13,0,10,A,6,2,0.333
13,0,10,B,4,0,0.0
13,0,10,C,6,2,0.333
13,0,10,D,4,1,0.25
13,0,11,A,6,2,0.333
13,0,11,B,4,1,0.25
13,0,11,C,6,2,0.333
13,0,11,D,4,0,0.0
13,0,12,A,6,3,0.5
13,0,12,B,4,1,0.25
13,0,12,C,6,2,0.333
13,0,12,D,4,1,0.25
13,0,13,A,6,3,0.5
13,0,13,B,4,1,0.25
13,0,13,C,6,3,0.5
13,0,13,D,4,2,0.5
13,0,14,A,6,2,0.333
13,0,14,B,4,2,0.5
13,0,14,C,6,2,0.333
13,0,14,D,4,1,0.25
13,0,15,A,6,2,0.333
13,0,15,B,4,0,0.0
13,0,15,C,6,2,0.333
13,0,15,D,4,1,0.25
13,0,16,A,6,1,0.167
13,0,16,B,4,0,0.0
13,0,16,C,6,1,0.167
13,0,16,D,4,0,0.0
13,0,17,A,6,0,0.0
13,0,17,B,4,1,0.25
13,0,17,C,6,0,0.0
13,0,17,D,4,0,0.0
13,0,18,A,6,0,0.0
13,0,18,B,4,1,0.25
13,0,18,C,6,0,0.0
13,0,18,D,4,0,0.0
13,1,6,A,6,0,0.0
13,1,6,B,4,1,0.25
13,1,6,C,6,2,0.333
13,1,6,D,4,1,0.25
13,1,7,A,6,2,0.333
13,1,7,B,4,2,0.5
13,1,7,C,6,2,0.333
13,1,7,D,4,1,0.25
13,1,8,A,6,3,0.5
13,1,8,B,4,2,0.5
13,1,8,C,6,3,0.5
13,1,8,D,4,1,0.25
13,1,9,A,6,2,0.333
13,1,9,B,4,2,0.5
13,1,9,C,6,2,0.333
13,1,9,D,4,2,0.5
13,1,10,A,6,3,0.5
13,1,10,B,4,2,0.5
13,1,10,C,6,1,0.167
13,1,10,D,4,0,0.0
13,1,11,A,6,2,0.333
13,1,11,B,4,2,0.5
13,1,11,C,6,1,0.167
13,1,11,D,4,1,0.25
13,1,12,A,6,2,0.333
13,1,12,B,4,1,0.25
13,1,12,C,6,2,0.333
13,1,12,D,4,2,0.5
13,1,13,A,6,3,0.5
13,1,13,B,4,1,0.25
13,1,13,C,6,4,0.667
13,1,13,D,4,1,0.25
13,1,14,A,6,3,0.5
13,1,14,B,4,2,0.5
13,1,14,C,6,2,0.333
13,1,14,D,4,0,0.0
13,1,15,A,6,2,0.333
13,1,15,B,4,2,0.5
13,1,15,C,6,1,0.167
13,1,15,D,4,0,0.0
13,1,16,A,6,1,0.167
13,1,16,B,4,1,0.25
13,1,16,C,6,0,0.0
13,1,16,D,4,0,0.0
13,1,17,A,6,1,0.167
13,1,17,B,4,1,0.25
13,1,17,C,6,0,0.0
13,1,17,D,4,0,0.0
13,1,18,A,6,1,0.167
13,1,18,B,4,0,0.0
13,1,18,C,6,1,0.167
13,1,18,D,4,1,0.25
13,2,6,A,6,2,0.333
13,2,6,B,4,0,0.0
13,2,6,C,6,1,0.167
13,2,6,D,4,1,0.25
13,2,7,A,6,2,0.333
13,2,7,B,4,1,0.25
13,2,7,C,6,2,0.333
13,2,7,D,4,1,0.25
13,2,8,A,6,3,0.5
13,2,8,B,4,2,0.5
13,2,8,C,6,3,0.5
13,2,8,D,4,2,0.5
13,2,9,A,6,4,0.667
13,2,9,B,4,1,0.25
13,2,9,C,6,2,0.333
13,2,9,D,4,1,0.25
13,2,10,A,6,3,0.5
13,2,10,B,4,1,0.25
13,2,10,C,6,2,0.333
13,2,10,D,4,0,0.0
13,2,11,A,6,2,0.333
13,2,11,B,4,2,0.5
13,2,11,C,6,2,0.333
13,2,11,D,4,0,0.0
13,2,12,A,6,3,0.5
13,2,12,B,4,2,0.5
13,2,12,C,6,2,0.333
13,2,12,D,4,1,0.25
13,2,13,A,6,2,0.333
13,2,13,B,4,2,0.5
13,2,13,C,6,2,0.333
13,2,13,D,4,1,0.25
13,2,14,A,6,3,0.5
13,2,14,B,4,1,0.25
13,2,14,C,6,2,0.333
13,2,14,D,4,1,0.25
13,2,15,A,6,2,0.333
13,2,15,B,4,0,0.0
13,2,15,C,6,2,0.333
13,2,15,D,4,1,0.25
13,2,16,A,6,0,0.0
13,2,16,B,4,1,0.25
13,2,16,C,6,2,0.333
13,2,16,D,4,1,0.25
13,2,17,A,6,0,0.0
13,2,17,B,4,0,0.0
13,2,17,C,6,1,0.167
13,2,17,D,4,0,0.0
13,2,18,A,6,1,0.167
13,2,18,B,4,1,0.25
13,2,18,C,6,1,0.167
13,2,18,D,4,0,0.0
13,3,6,A,6,1,0.167
13,3,6,B,4,0,0.0
13,3,6,C,6,2,0.333
13,3,6,D,4,0,0.0
13,3,7,A,6,2,0.333
13,3,7,B,4,1,0.25
13,3,7,C,6,1,0.167
13,3,7,D,4,1,0.25
13,3,8,A,6,4,0.667
13,3,8,B,4,2,0.5
13,3,8,C,6,2,0.333
13,3,8,D,4,1,0.25
13,3,9,A,6,2,0.333
13,3,9,B,4,2,0.5
13,3,9,C,6,3,0.5
13,3,9,D,4,1,0.25
13,3,10,A,6,2,0.333
13,3,10,B,4,1,0.25
13,3,10,C,6,2,0.333
13,3,10,D,4,2,0.5
13,3,11,A,6,3,0.5
13,3,11,B,4,1,0.25
13,3,11,C,6,2,0.333
13,3,11,D,4,1,0.25
13,3,12,A,6,3,0.5
13,3,12,B,4,1,0.25
13,3,12,C,6,2,0.333
13,3,12,D,4,1,0.25
13,3,13,A,6,3,0.5
13,3,13,B,4,2,0.5
13,3,13,C,6,4,0.667
13,3,13,D,4,2,0.5
13,3,14,A,6,2,0.333
13,3,14,B,4,1,0.25
13,3,14,C,6,2,0.333
13,3,14,D,4,2,0.5
13,3,15,A,6,2,0.333
13,3,15,B,4,1,0.25
13,3,15,C,6,2,0.333
13,3,15,D,4,1,0.25
13,3,16,A,6,1,0.167
13,3,16,B,4,0,0.0
13,3,16,C,6,1,0.167
13,3,16,D,4,0,0.0
13,3,17,A,6,1,0.167
13,3,17,B,4,0,0.0
13,3,17,C,6,1,0.167
13,3,17,D,4,0,0.0
13,3,18,A,6,0,0.0
13,3,18,B,4,1,0.25
13,3,18,C,6,0,0.0
13,3,18,D,4,0,0.0
13,4,6,A,6,2,0.333
13,4,6,B,4,1,0.25
13,4,6,C,6,2,0.333
13,4,6,D,4,1,0.25
13,4,7,A,6,3,0.5
13,4,7,B,4,0,0.0
13,4,7,C,6,2,0.333
13,4,7,D,4,2,0.5
13,4,8,A,6,3,0.5
13,4,8,B,4,2,0.5
13,4,8,C,6,2,0.333
13,4,8,D,4,1,0.25
13,4,9,A,6,3,0.5
13,4,9,B,4,1,0.25
13,4,9,C,6,1,0.167
13,4,9,D,4,1,0.25
13,4,10,A,6,2,0.333
13,4,10,B,4,1,0.25
13,4,10,C,6,2,0.333
13,4,10,D,4,1,0.25
13,4,11,A,6,2,0.333
13,4,11,B,4,0,0.0
13,4,11,C,6,2,0.333
13,4,11,D,4,0,0.0
13,4,12,A,6,2,0.333
13,4,12,B,4,1,0.25
13,4,12,C,6,2,0.333
13,4,12,D,4,2,0.5
13,4,13,A,6,2,0.333
13,4,13,B,4,2,0.5
13,4,13,C,6,4,0.667
13,4,13,D,4,1,0.25
13,4,14,A,6,2,0.333
13,4,14,B,4,1,0.25
13,4,14,C,6,1,0.167
13,4,14,D,4,2,0.5
13,4,15,A,6,1,0.167
13,4,15,B,4,0,0.0
13,4,15,C,6,1,0.167
13,4,15,D,4,0,0.0
13,4,16,A,6,2,0.333
13,4,16,B,4,1,0.25
13,4,16,C,6,1,0.167
13,4,16,D,4,0,0.0
13,4,17,A,6,1,0.167
13,4,17,B,4,0,0.0
13,4,17,C,6,2,0.333
13,4,17,D,4,0,0.0
13,4,18,A,6,1,0.167
13,4,18,B,4,0,0.0
13,4,18,C,6,0,0.0
13,4,18,D,4,0,0.0
13,5,6,A,6,0,0.0
13,5,6,B,4,0,0.0
13,5,6,C,6,0,0.0
13,5,6,D,4,0,0.0
13,5,7,A,6,1,0.167
13,5,7,B,4,0,0.0
13,5,7,C,6,2,0.333
13,5,7,D,4,1,0.25
13,5,8,A,6,2,0.333
13,5,8,B,4,0,0.0
13,5,8,C,6,1,0.167
13,5,8,D,4,0,0.0
13,5,9,A,6,0,0.0
13,5,9,B,4,1,0.25
13,5,9,C,6,1,0.167
13,5,9,D,4,0,0.0
13,5,10,A,6,1,0.167
13,5,10,B,4,0,0.0
13,5,10,C,6,0,0.0
13,5,10,D,4,0,0.0
13,5,11,A,6,1,0.167
13,5,11,B,4,0,0.0
13,5,11,C,6,0,0.0
13,5,11,D,4,0,0.0
13,5,12,A,6,1,0.167
13,5,12,B,4,0,0.0
13,5,12,C,6,0,0.0
13,5,12,D,4,0,0.0
13,5,13,A,6,1,0.167
13,5,13,B,4,0,0.0
13,5,13,C,6,1,0.167
13,5,13,D,4,2,0.5
13,5,14,A,6,2,0.333
13,5,14,B,4,1,0.25
13,5,14,C,6,0,0.0
13,5,14,D,4,0,0.0
13,5,15,A,6,1,0.167
13,5,15,B,4,0,0.0
13,5,15,C,6,1,0.167
13,5,15,D,4,0,0.0
13,5,16,A,6,0,0.0
13,5,16,B,4,0,0.0
13,5,16,C,6,0,0.0
13,5,16,D,4,0,0.0
13,5,17,A,6,0,0.0
13,5,17,B,4,0,0.0
13,5,17,C,6,0,0.0
13,5,17,D,4,0,0.0
13,5,18,A,6,0,0.0
13,5,18,B,4,0,0.0
13,5,18,C,6,0,0.0
13,5,18,D,4,0,0.0
14,0,6,A,6,0,0.0
14,0,6,B,4,0,0.0
14,0,6,C,6,0,0.0
14,0,6,D,4,1,0.25
14,0,7,A,6,4,0.667
14,0,7,B,4,1,0.25
14,0,7,C,6,2,0.333
14,0,7,D,4,1,0.25
14,0,8,A,6,4,0.667
14,0,8,B,4,2,0.5
14,0,8,C,6,3,0.5
14,0,8,D,4,2,0.5
14,0,9,A,6,3,0.5
14,0,9,B,4,1,0.25
14,0,9,C,6,1,0.167
14,0,9,D,4,1,0.25
14,0,10,A,6,2,0.333
14,0,10,B,4,1,0.25
14,0,10,C,6,1,0.167
14,0,10,D,4,1,0.25
14,0,11,A,6,2,0.333
14,0,11,B,4,1,0.25
14,0,11,C,6,2,0.333
14,0,11,D,4,0,0.0
14,0,12,A,6,3,0.5
14,0,12,B,4,0,0.0
14,0,12,C,6,2,0.333
14,0,12,D,4,1,0.25
14,0,13,A,6,2,0.333
14,0,13,B,4,2,0.5
14,0,13,C,6,3,0.5
14,0,13,D,4,1,0.25
14,0,14,A,6,2,0.333
14,0,14,B,4,2,0.5
14,0,14,C,6,2,0.333
14,0,14,D,4,2,0.5
14,0,15,A,6,2,0.333
14,0,15,B,4,0,0.0
14,0,15,C,6,1,0.167
14,0,15,D,4,0,0.0
14,0,16,A,6,1,0.167
14,0,16,B,4,1,0.25
14,0,16,C,6,1,0.167
14,0,16,D,4,0,0.0
14,0,17,A,6,0,0.0
14,0,17,B,4,0,0.0
14,0,17,C,6,0,0.0
14,0,17,D,4,0,0.0
14,0,18,A,6,1,0.167
14,0,18,B,4,0,0.0
14,0,18,C,6,0,0.0
14,0,18,D,4,0,0.0
14,1,6,A,6,0,0.0
14,1,6,B,4,1,0.25
14,1,6,C,6,0,0.0
14,1,6,D,4,0,0.0
14,1,7,A,6,3,0.5
14,1,7,B,4,2,0.5
14,1,7,C,6,1,0.167
14,1,7,D,4,1,0.25
14,1,8,A,6,3,0.5
14,1,8,B,4,1,0.25
14,1,8,C,6,3,0.5
14,1,8,D,4,1,0.25
14,1,9,A,6,3,0.5
14,1,9,B,4,2,0.5
14,1,9,C,6,2,0.333
14,1,9,D,4,2,0.5
14,1,10,A,6,2,0.333
14,1,10,B,4,1,0.25
14,1,10,C,6,1,0.167
14,1,10,D,4,1,0.25
14,1,11,A,6,2,0.333
14,1,11,B,4,2,0.5
14,1,11,C,6,2,0.333
14,1,11,D,4,0,0.0
14,1,12,A,6,2,0.333
14,1,12,B,4,2,0.5
14,1,12,C,6,3,0.5
14,1,12,D,4,2,0.5
14,1,13,A,6,4,0.667
14,1,13,B,4,2,0.5
14,1,13,C,6,2,0.333
14,1,13,D,4,1,0.25
14,1,14,A,6,4,0.667
14,1,14,B,4,1,0.25
14,1,14,C,6,2,0.333
14,1,14,D,4,2,0.5
14,1,15,A,6,1,0.167
14,1,15,B,4,0,0.0
14,1,15,C,6,2,0.333
14,1,15,D,4,0,0.0
14,1,16,A,6,2,0.333
14,1,16,B,4,0,0.0
14,1,16,C,6,2,0.333
14,1,16,D,4,1,0.25
14,1,17,A,6,1,0.167
14,1,17,B,4,1,0.25
14,1,17,C,6,0,0.0
14,1,17,D,4,0,0.0
14,1,18,A,6,1,0.167
14,1,18,B,4,0,0.0
14,1,18,C,6,1,0.167
14,1,18,D,4,0,0.0
14,2,6,A,6,2,0.333
14,2,6,B,4,2,0.5
14,2,6,C,6,0,0.0
14,2,6,D,4,0,0.0
14,2,7,A,6,3,0.5
14,2,7,B,4,1,0.25
14,2,7,C,6,3,0.5
14,2,7,D,4,1,0.25
14,2,8,A,6,3,0.5
14,2,8,B,4,2,0.5
14,2,8,C,6,2,0.333
14,2,8,D,4,1,0.25
14,2,9,A,6,3,0.5
14,2,9,B,4,1,0.25
14,2,9,C,6,2,0.333
14,2,9,D,4,2,0.5
14,2,10,A,6,2,0.333
14,2,10,B,4,1,0.25
14,2,10,C,6,3,0.5
14,2,10,D,4,0,0.0
14,2,11,A,6,3,0.5
14,2,11,B,4,1,0.25
14,2,11,C,6,2,0.333
14,2,11,D,4,0,0.0
14,2,12,A,6,2,0.333
14,2,12,B,4,2,0.5
14,2,12,C,6,1,0.167
14,2,12,D,4,2,0.5
14,2,13,A,6,2,0.333
14,2,13,B,4,1,0.25
14,2,13,C,6,3,0.5
14,2,13,D,4,2,0.5
14,2,14,A,6,3,0.5
14,2,14,B,4,1,0.25
14,2,14,C,6,2,0.333
14,2,14,D,4,1,0.25
14,2,15,A,6,2,0.333
14,2,15,B,4,2,0.5
14,2,15,C,6,0,0.0
14,2,15,D,4,1,0.25
14,2,16,A,6,1,0.167
14,2,16,B,4,0,0.0
14,2,16,C,6,1,0.167
14,2,16,D,4,0,0.0
14,2,17,A,6,0,0.0
14,2,17,B,4,0,0.0
14,2,17,C,6,1,0.167
14,2,17,D,4,0,0.0
14,2,18,A,6,0,0.0
14,2,18,B,4,0,0.0
14,2,18,C,6,0,0.0
14,2,18,D,4,0,0.0
14,3,6,A,6,2,0.333
14,3,6,B,4,0,0.0
14,3,6,C,6,2,0.333
14,3,6,D,4,1,0.25
14,3,7,A,6,2,0.333
14,3,7,B,4,2,0.5
14,3,7,C,6,2,0.333
14,3,7,D,4,1,0.25
14,3,8,A,6,2,0.333
14,3,8,B,4,1,0.25
14,3,8,C,6,2,0.333
14,3,8,D,4,1,0.25
14,3,9,A,6,3,0.5
14,3,9,B,4,2,0.5
14,3,9,C,6,2,0.333
14,3,9,D,4,1,0.25
14,3,10,A,6,2,0.333
14,3,10,B,4,2,0.5
14,3,10,C,6,2,0.333
14,3,10,D,4,1,0.25
14,3,11,A,6,2,0.333
14,3,11,B,4,1,0.25
14,3,11,C,6,0,0.0
14,3,11,D,4,0,0.0
14,3,12,A,6,2,0.333
14,3,12,B,4,2,0.5
14,3,12,C,6,4,0.667
14,3,12,D,4,1,0.25
14,3,13,A,6,2,0.333
14,3,13,B,4,2,0.5
14,3,13,C,6,2,0.333
14,3,13,D,4,2,0.5
14,3,14,A,6,2,0.333
14,3,14,B,4,1,0.25
14,3,14,C,6,2,0.333
14,3,14,D,4,1,0.25
14,3,15,A,6,2,0.333
14,3,15,B,4,1,0.25
14,3,15,C,6,1,0.167
14,3,15,D,4,1,0.25
14,3,16,A,6,1,0.167
14,3,16,B,4,0,0.0
14,3,16,C,6,0,0.0
14,3,16,D,4,0,0.0
14,3,17,A,6,0,0.0
14,3,17,B,4,0,0.0
14,3,17,C,6,0,0.0
14,3,17,D,4,0,0.0
14,3,18,A,6,0,0.0
14,3,18,B,4,1,0.25
14,3,18,C,6,0,0.0
14,3,18,D,4,0,0.0
14,4,6,A,6,1,0.167
14,4,6,B,4,0,0.0
14,4,6,C,6,1,0.167
14,4,6,D,4,0,0.0
14,4,7,A,6,2,0.333
14,4,7,B,4,1,0.25
14,4,7,C,6,1,0.167
14,4,7,D,4,1,0.25
14,4,8,A,6,2,0.333
14,4,8,B,4,2,0.5
14,4,8,C,6,2,0.333
14,4,8,D,4,2,0.5
14,4,9,A,6,2,0.333
14,4,9,B,4,0,0.0
14,4,9,C,6,2,0.333
14,4,9,D,4,2,0.5
14,4,10,A,6,3,0.5
14,4,10,B,4,1,0.25
14,4,10,C,6,2,0.333
14,4,10,D,4,0,0.0
14,4,11,A,6,2,0.333
14,4,11,B,4,1,0.25
14,4,11,C,6,1,0.167
14,4,11,D,4,2,0.5
14,4,12,A,6,2,0.333
14,4,12,B,4,1,0.25
14,4,12,C,6,3,0.5
14,4,12,D,4,1,0.25
14,4,13,A,6,1,0.167
14,4,13,B,4,1,0.25
14,4,13,C,6,2,0.333
14,4,13,D,4,1,0.25
14,4,14,A,6,3,0.5
14,4,14,B,4,2,0.5
14,4,14,C,6,2,0.333
14,4,14,D,4,1,0.25
14,4,15,A,6,1,0.167
14,4,15,B,4,0,0.0
14,4,15,C,6,0,0.0
14,4,15,D,4,0,0.0
14,4,16,A,6,1,0.167
14,4,16,B,4,0,0.0
14,4,16,C,6,1,0.167
14,4,16,D,4,1,0.25
14,4,17,A,6,1,0.167
14,4,17,B,4,0,0.0
14,4,17,C,6,0,0.0
14,4,17,D,4,0,0.0
14,4,18,A,6,0,0.0
14,4,18,B,4,0,0.0
14,4,18,C,6,0,0.0
14,4,18,D,4,0,0.0
14,5,6,A,6,0,0.0
14,5,6,B,4,1,0.25
14,5,6,C,6,1,0.167
14,5,6,D,4,0,0.0
14,5,7,A,6,1,0.167
14,5,7,B,4,0,0.0
14,5,7,C,6,1,0.167
14,5,7,D,4,1,0.25
14,5,8,A,6,1,0.167
14,5,8,B,4,0,0.0
14,5,8,C,6,3,0.5
14,5,8,D,4,0,0.0
14,5,9,A,6,1,0.167
14,5,9,B,4,1,0.25
14,5,9,C,6,1,0.167
14,5,9,D,4,0,0.0
14,5,10,A,6,0,0.0
14,5,10,B,4,0,0.0
14,5,10,C,6,0,0.0
14,5,10,D,4,0,0.0
14,5,11,A,6,0,0.0
14,5,11,B,4,0,0.0
14,5,11,C,6,1,0.167
14,5,11,D,4,0,0.0
14,5,12,A,6,1,0.167
14,5,12,B,4,0,0.0
14,5,12,C,6,1,0.167
14,5,12,D,4,0,0.0
14,5,13,A,6,2,0.333
14,5,13,B,4,1,0.25
14,5,13,C,6,0,0.0
14,5,13,D,4,0,0.0
14,5,14,A,6,2,0.333
14,5,14,B,4,0,0.0
14,5,14,C,6,0,0.0
14,5,14,D,4,0,0.0
14,5,15,A,6,0,0.0
14,5,15,B,4,0,0.0
14,5,15,C,6,0,0.0
14,5,15,D,4,0,0.0
14,5,16,A,6,1,0.167
14,5,16,B,4,0,0.0
14,5,16,C,6,0,0.0
14,5,16,D,4,0,0.0
14,5,17,A,6,0,0.0
14,5,17,B,4,0,0.0
14,5,17,C,6,0,0.0
14,5,17,D,4,0,0.0
14,5,18,A,6,0,0.0
14,5,18,B,4,0,0.0
14,5,18,C,6,0,0.0
14,5,18,D,4,0,0.0
15,0,6,A,6,0,0.0
15,0,6,B,4,1,0.25
15,0,6,C,6,0,0.0
15,0,6,D,4,0,0.0
15,0,7,A,6,2,0.333
15,0,7,B,4,0,0.0
15,0,7,C,6,2,0.333
15,0,7,D,4,1,0.25
15,0,8,A,6,3,0.5
15,0,8,B,4,1,0.25
15,0,8,C,6,3,0.5
15,0,8,D,4,2,0.5
15,0,9,A,6,2,0.333
15,0,9,B,4,2,0.5
15,0,9,C,6,2,0.333
15,0,9,D,4,2,0.5
15,0,10,A,6,2,0.333
15,0,10,B,4,1,0.25
15,0,10,C,6,1,0.167
15,0,10,D,4,0,0.0
15,0,11,A,6,2,0.333
15,0,11,B,4,1,0.25
15,0,11,C,6,1,0.167
15,0,11,D,4,1,0.25
15,0,12,A,6,2,0.333
15,0,12,B,4,2,0.5
15,0,12,C,6,2,0.333
15,0,12,D,4,0,0.0
15,0,13,A,6,3,0.5
15,0,13,B,4,1,0.25
15,0,13,C,6,2,0.333
15,0,13,D,4,1,0.25
15,0,14,A,6,2,0.333
15,0,14,B,4,0,0.0
15,0,14,C,6,3,0.5
15,0,14,D,4,2,0.5
15,0,15,A,6,2,0.333
15,0,15,B,4,1,0.25
15,0,15,C,6,1,0.167
15,0,15,D,4,0,0.0
15,0,16,A,6,2,0.333
15,0,16,B,4,1,0.25
15,0,16,C,6,1,0.167
15,0,16,D,4,0,0.0
15,0,17,A,6,1,0.167
15,0,17,B,4,0,0.0
15,0,17,C,6,1,0.167
15,0,17,D,4,1,0.25
15,0,18,A,6,1,0.167
15,0,18,B,4,0,0.0
15,0,18,C,6,0,0.0
15,0,18,D,4,0,0.0
15,1,6,A,6,1,0.167
15,1,6,B,4,0,0.0
15,1,6,C,6,2,0.333
15,1,6,D,4,0,0.0
15,1,7,A,6,3,0.5
15,1,7,B,4,2,0.5
15,1,7,C,6,2,0.333
15,1,7,D,4,1,0.25
15,1,8,A,6,4,0.667
15,1,8,B,4,2,0.5
15,1,8,C,6,3,0.5
15,1,8,D,4,1,0.25
15,1,9,A,6,4,0.667
15,1,9,B,4,2,0.5
15,1,9,C,6,2,0.333
15,1,9,D,4,0,0.0
15,1,10,A,6,2,0.333
15,1,10,B,4,1,0.25
15,1,10,C,6,2,0.333
15,1,10,D,4,1,0.25
15,1,11,A,6,2,0.333
15,1,11,B,4,1,0.25
15,1,11,C,6,1,0.167
15,1,11,D,4,0,0.0
15,1,12,A,6,3,0.5
15,1,12,B,4,1,0.25
15,1,12,C,6,2,0.333
15,1,12,D,4,2,0.5
15,1,13,A,6,4,0.667
15,1,13,B,4,0,0.0
15,1,13,C,6,2,0.333
15,1,13,D,4,1,0.25
15,1,14,A,6,2,0.333
15,1,14,B,4,1,0.25
15,1,14,C,6,2,0.333
15,1,14,D,4,2,0.5
15,1,15,A,6,4,0.667
15,1,15,B,4,1,0.25
15,1,15,C,6,2,0.333
15,1,15,D,4,1,0.25
15,1,16,A,6,1,0.167
15,1,16,B,4,1,0.25
15,1,16,C,6,0,0.0
15,1,16,D,4,0,0.0
15,1,17,A,6,2,0.333
15,1,17,B,4,0,0.0
15,1,17,C,6,0,0.0
15,1,17,D,4,0,0.0
15,1,18,A,6,1,0.167
15,1,18,B,4,0,0.0
15,1,18,C,6,2,0.333
15,1,18,D,4,1,0.25
15,2,6,A,6,2,0.333
15,2,6,B,4,1,0.25
15,2,6,C,6,1,0.167
15,2,6,D,4,1,0.25
15,2,7,A,6,2,0.333
15,2,7,B,4,2,0.5
15,2,7,C,6,1,0.167
15,2,7,D,4,2,0.5
15,2,8,A,6,2,0.333
15,2,8,B,4,1,0.25
15,2,8,C,6,2,0.333
15,2,8,D,4,2,0.5
15,2,9,A,6,4,0.667
15,2,9,B,4,2,0.5
15,2,9,C,6,2,0.333
15,2,9,D,4,1,0.25
15,2,10,A,6,1,0.167
15,2,10,B,4,1,0.25
15,2,10,C,6,2,0.333
15,2,10,D,4,0,0.0
15,2,11,A,6,2,0.333
15,2,11,B,4,0,0.0
15,2,11,C,6,2,0.333
15,2,11,D,4,0,0.0
15,2,12,A,6,2,0.333
15,2,12,B,4,0,0.0
15,2,12,C,6,2,0.333
15,2,12,D,4,1,0.25
15,2,13,A,6,3,0.5
15,2,13,B,4,1,0.25
15,2,13,C,6,1,0.167
15,2,13,D,4,0,0.0
15,2,14,A,6,2,0.333
15,2,14,B,4,0,0.0
15,2,14,C,6,2,0.333
15,2,14,D,4,2,0.5
15,2,15,A,6,1,0.167
15,2,15,B,4,1,0.25
15,2,15,C,6,0,0.0
15,2,15,D,4,1,0.25
15,2,16,A,6,2,0.333
15,2,16,B,4,1,0.25
15,2,16,C,6,1,0.167
15,2,16,D,4,0,0.0
15,2,17,A,6,1,0.167
15,2,17,B,4,0,0.0
15,2,17,C,6,1,0.167
15,2,17,D,4,0,0.0
15,2,18,A,6,1,0.167
15,2,18,B,4,0,0.0
15,2,18,C,6,2,0.333
15,2,18,D,4,0,0.0
15,3,6,A,6,1,0.167
15,3,6,B,4,0,0.0
15,3,6,C,6,1,0.167
15,3,6,D,4,1,0.25
15,3,7,A,6,2,0.333
15,3,7,B,4,2,0.5
15,3,7,C,6,2,0.333
15,3,7,D,4,1,0.25
15,3,8,A,6,3,0.5
15,3,8,B,4,1,0.25
15,3,8,C,6,2,0.333
15,3,8,D,4,1,0.25
15,3,9,A,6,2,0.333
15,3,9,B,4,2,0.5
15,3,9,C,6,2,0.333
15,3,9,D,4,1,0.25
15,3,10,A,6,2,0.333
15,3,10,B,4,2,0.5
15,3,10,C,6,1,0.167
15,3,10,D,4,1,0.25
15,3,11,A,6,2,0.333
15,3,11,B,4,1,0.25
15,3,11,C,6,2,0.333
15,3,11,D,4,1,0.25
15,3,12,A,6,3,0.5
15,3,12,B,4,1,0.25
15,3,12,C,6,2,0.333
15,3,12,D,4,1,0.25
15,3,13,A,6,1,0.167
15,3,13,B,4,2,0.5
15,3,13,C,6,2,0.333
15,3,13,D,4,1,0.25
15,3,14,A,6,3,0.5
15,3,14,B,4,1,0.25
15,3,14,C,6,2,0.333
15,3,14,D,4,1,0.25
15,3,15,A,6,1,0.167
15,3,15,B,4,1,0.25
15,3,15,C,6,1,0.167
15,3,15,D,4,1,0.25
15,3,16,A,6,2,0.333
15,3,16,B,4,0,0.0
15,3,16,C,6,2,0.333
15,3,16,D,4,0,0.0
15,3,17,A,6,1,0.167
15,3,17,B,4,0,0.0
15,3,17,C,6,0,0.0
15,3,17,D,4,0,0.0
15,3,18,A,6,0,0.0
15,3,18,B,4,0,0.0
15,3,18,C,6,0,0.0
15,3,18,D,4,0,0.0
15,4,6,A,6,1,0.167
15,4,6,B,4,0,0.0
15,4,6,C,6,1,0.167
15,4,6,D,4,0,0.0
15,4,7,A,6,2,0.333
15,4,7,B,4,1,0.25
15,4,7,C,6,2,0.333
15,4,7,D,4,0,0.0
15,4,8,A,6,3,0.5
15,4,8,B,4,2,0.5
15,4,8,C,6,2,0.333
15,4,8,D,4,1,0.25
15,4,9,A,6,2,0.333
15,4,9,B,4,1,0.25
15,4,9,C,6,2,0.333
15,4,9,D,4,1,0.25
15,4,10,A,6,2,0.333
15,4,10,B,4,0,0.0
15,4,10,C,6,2,0.333
15,4,10,D,4,1,0.25
15,4,11,A,6,2,0.333
15,4,11,B,4,1,0.25
15,4,11,C,6,1,0.167
15,4,11,D,4,1,0.25
15,4,12,A,6,2,0.333
15,4,12,B,4,1,0.25
15,4,12,C,6,2,0.333
15,4,12,D,4,1,0.25
15,4,13,A,6,2,0.333
15,4,13,B,4,2,0.5
15,4,13,C,6,2,0.333
15,4,13,D,4,2,0.5
15,4,14,A,6,2,0.333
15,4,14,B,4,1,0.25
15,4,14,C,6,1,0.167
15,4,14,D,4,1,0.25
15,4,15,A,6,1,0.167
15,4,15,B,4,0,0.0
15,4,15,C,6,1,0.167
15,4,15,D,4,2,0.5
15,4,16,A,6,2,0.333
15,4,16,B,4,0,0.0
15,4,16,C,6,1,0.167
15,4,16,D,4,0,0.0
15,4,17,A,6,0,0.0
15,4,17,B,4,1,0.25
15,4,17,C,6,0,0.0
15,4,17,D,4,0,0.0
15,4,18,A,6,1,0.167
15,4,18,B,4,0,0.0
15,4,18,C,6,1,0.167
15,4,18,D,4,0,0.0
15,5,6,A,6,0,0.0
15,5,6,B,4,0,0.0
15,5,6,C,6,1,0.167
15,5,6,D,4,0,0.0
15,5,7,A,6,0,0.0
15,5,7,B,4,0,0.0
15,5,7,C,6,0,0.0
15,5,7,D,4,0,0.0
15,5,8,A,6,0,0.0
15,5,8,B,4,1,0.25
15,5,8,C,6,1,0.167
15,5,8,D,4,0,0.0
15,5,9,A,6,0,0.0
15,5,9,B,4,0,0.0
15,5,9,C,6,0,0.0
15,5,9,D,4,0,0.0
15,5,10,A,6,2,0.333
15,5,10,B,4,0,0.0
15,5,10,C,6,0,0.0
15,5,10,D,4,0,0.0
15,5,11,A,6,1,0.167
15,5,11,B,4,0,0.0
15,5,11,C,6,1,0.167
15,5,11,D,4,0,0.0
15,5,12,A,6,1,0.167
15,5,12,B,4,0,0.0
15,5,12,C,6,0,0.0
15,5,12,D,4,0,0.0
15,5,13,A,6,0,0.0
15,5,13,B,4,0,0.0
15,5,13,C,6,1,0.167
15,5,13,D,4,0,0.0
15,5,14,A,6,0,0.0
15,5,14,B,4,0,0.0
15,5,14,C,6,0,0.0
15,5,14,D,4,0,0.0
15,5,15,A,6,0,0.0
15,5,15,B,4,0,0.0
15,5,15,C,6,0,0.0
15,5,15,D,4,0,0.0
15,5,16,A,6,0,0.0
15,5,16,B,4,1,0.25
15,5,16,C,6,0,0.0
15,5,16,D,4,0,0.0
15,5,17,A,6,0,0.0
15,5,17,B,4,0,0.0
15,5,17,C,6,0,0.0
15,5,17,D,4,0,0.0
15,5,18,A,6,0,0.0
15,5,18,B,4,0,0.0
15,5,18,C,6,0,0.0
15,5,18,D,4,0,0.0
16,0,6,A,6,2,0.333
16,0,6,B,4,1,0.25
16,0,6,C,6,1,0.167
16,0,6,D,4,0,0.0
16,0,7,A,6,3,0.5
16,0,7,B,4,2,0.5
16,0,7,C,6,2,0.333
16,0,7,D,4,1,0.25
16,0,8,A,6,4,0.667
16,0,8,B,4,2,0.5
16,0,8,C,6,3,0.5
16,0,8,D,4,2,0.5
16,0,9,A,6,2,0.333
16,0,9,B,4,2,0.5
16,0,9,C,6,1,0.167
16,0,9,D,4,1,0.25
16,0,10,A,6,3,0.5
16,0,10,B,4,0,0.0
16,0,10,C,6,2,0.333
16,0,10,D,4,0,0.0
16,0,11,A,6,2,0.333
16,0,11,B,4,0,0.0
16,0,11,C,6,1,0.167
16,0,11,D,4,1,0.25
16,0,12,A,6,2,0.333
16,0,12,B,4,1,0.25
16,0,12,C,6,2,0.333
16,0,12,D,4,1,0.25
16,0,13,A,6,3,0.5
16,0,13,B,4,1,0.25
16,0,13,C,6,2,0.333
16,0,13,D,4,0,0.0
16,0,14,A,6,2,0.333
16,0,14,B,4,0,0.0
16,0,14,C,6,2,0.333
16,0,14,D,4,1,0.25
16,0,15,A,6,1,0.167
16,0,15,B,4,1,0.25
16,0,15,C,6,1,0.167
16,0,15,D,4,0,0.0
16,0,16,A,6,2,0.333
16,0,16,B,4,0,0.0
16,0,16,C,6,2,0.333
16,0,16,D,4,0,0.0
16,0,17,A,6,1,0.167
16,0,17,B,4,0,0.0
16,0,17,C,6,1,0.167
16,0,17,D,4,0,0.0
16,0,18,A,6,0,0.0
16,0,18,B,4,1,0.25
16,0,18,C,6,0,0.0
16,0,18,D,4,0,0.0
16,1,6,A,6,1,0.167
16,1,6,B,4,0,0.0
16,1,6,C,6,2,0.333
16,1,6,D,4,1,0.25
16,1,7,A,6,2,0.333
16,1,7,B,4,2,0.5
16,1,7,C,6,2,0.333
16,1,7,D,4,1,0.25
16,1,8,A,6,3,0.5
16,1,8,B,4,2,0.5
16,1,8,C,6,3,0.5
16,1,8,D,4,1,0.25
16,1,9,A,6,2,0.333
16,1,9,B,4,2,0.5
16,1,9,C,6,2,0.333
16,1,9,D,4,1,0.25
16,1,10,A,6,2,0.333
16,1,10,B,4,1,0.25
16,1,10,C,6,0,0.0
16,1,10,D,4,2,0.5
16,1,11,A,6,3,0.5
16,1,11,B,4,0,0.0
16,1,11,C,6,2,0.333
16,1,11,D,4,1,0.25
16,1,12,A,6,3,0.5
16,1,12,B,4,2,0.5
16,1,12,C,6,2,0.333
16,1,12,D,4,1,0.25
16,1,13,A,6,2,0.333
16,1,13,B,4,2,0.5
16,1,13,C,6,2,0.333
16,1,13,D,4,0,0.0
16,1,14,A,6,2,0.333
16,1,14,B,4,1,0.25
16,1,14,C,6,3,0.5
16,1,14,D,4,0,0.0
16,1,15,A,6,2,0.333
16,1,15,B,4,1,0.25
16,1,15,C,6,2,0.333
16,1,15,D,4,1,0.25
16,1,16,A,6,1,0.167
16,1,16,B,4,1,0.25
16,1,16,C,6,0,0.0
16,1,16,D,4,1,0.25
16,1,17,A,6,2,0.333
16,1,17,B,4,0,0.0
16,1,17,C,6,2,0.333
16,1,17,D,4,0,0.0
16,1,18,A,6,0,0.0
16,1,18,B,4,0,0.0
16,1,18,C,6,0,0.0
16,1,18,D,4,0,0.0
16,2,6,A,6,3,0.5
16,2,6,B,4,0,0.0
16,2,6,C,6,1,0.167
16,2,6,D,4,0,0.0
16,2,7,A,6,2,0.333
16,2,7,B,4,1,0.25
16,2,7,C,6,2,0.333
16,2,7,D,4,0,0.0
16,2,8,A,6,3,0.5
16,2,8,B,4,2,0.5
16,2,8,C,6,2,0.333
16,2,8,D,4,2,0.5
16,2,9,A,6,3,0.5
16,2,9,B,4,2,0.5
16,2,9,C,6,1,0.167
16,2,9,D,4,2,0.5
16,2,10,A,6,2,0.333
16,2,10,B,4,0,0.0
16,2,10,C,6,1,0.167
16,2,10,D,4,0,0.0
16,2,11,A,6,2,0.333
16,2,11,B,4,1,0.25
16,2,11,C,6,1,0.167
16,2,11,D,4,0,0.0
16,2,12,A,6,2,0.333
16,2,12,B,4,1,0.25
16,2,12,C,6,1,0.167
16,2,12,D,4,0,0.0
16,2,13,A,6,3,0.5
16,2,13,B,4,2,0.5
16,2,13,C,6,3,0.5
16,2,13,D,4,1,0.25
16,2,14,A,6,4,0.667
16,2,14,B,4,1,0.25
16,2,14,C,6,2,0.333
16,2,14,D,4,1,0.25
16,2,15,A,6,2,0.333
16,2,15,B,4,0,0.0
16,2,15,C,6,2,0.333
16,2,15,D,4,1,0.25
16,2,16,A,6,2,0.333
16,2,16,B,4,0,0.0
16,2,16,C,6,1,0.167
16,2,16,D,4,1,0.25
16,2,17,A,6,0,0.0
16,2,17,B,4,0,0.0
16,2,17,C,6,1,0.167
16,2,17,D,4,0,0.0
16,2,18,A,6,0,0.0
16,2,18,B,4,0,0.0
16,2,18,C,6,0,0.0
16,2,18,D,4,0,0.0
16,3,6,A,6,1,0.167
16,3,6,B,4,1,0.25
16,3,6,C,6,0,0.0
16,3,6,D,4,1,0.25
16,3,7,A,6,2,0.333
16,3,7,B,4,1,0.25
16,3,7,C,6,2,0.333
16,3,7,D,4,2,0.5
16,3,8,A,6,2,0.333
16,3,8,B,4,1,0.25
16,3,8,C,6,3,0.5
16,3,8,D,4,1,0.25
16,3,9,A,6,3,0.5
16,3,9,B,4,2,0.5
16,3,9,C,6,2,0.333
16,3,9,D,4,1,0.25
16,3,10,A,6,2,0.333
16,3,10,B,4,1,0.25
16,3,10,C,6,2,0.333
16,3,10,D,4,1,0.25
16,3,11,A,6,2,0.333
16,3,11,B,4,1,0.25
16,3,11,C,6,2,0.333
16,3,11,D,4,1,0.25
16,3,12,A,6,2,0.333
16,3,12,B,4,1,0.25
16,3,12,C,6,2,0.333
16,3,12,D,4,1,0.25
16,3,13,A,6,2,0.333
16,3,13,B,4,0,0.0
16,3,13,C,6,1,0.167
16,3,13,D,4,1,0.25
16,3,14,A,6,3,0.5
16,3,14,B,4,0,0.0
16,3,14,C,6,1,0.167
16,3,14,D,4,1,0.25
16,3,15,A,6,2,0.333
16,3,15,B,4,0,0.0
16,3,15,C,6,2,0.333
16,3,15,D,4,1,0.25
16,3,16,A,6,2,0.333
16,3,16,B,4,1,0.25
16,3,16,C,6,2,0.333
16,3,16,D,4,1,0.25
16,3,17,A,6,1,0.167
16,3,17,B,4,0,0.0
16,3,17,C,6,1,0.167
16,3,17,D,4,0,0.0
16,3,18,A,6,1,0.167
16,3,18,B,4,0,0.0
16,3,18,C,6,1,0.167
16,3,18,D,4,0,0.0
16,4,6,A,6,0,0.0
16,4,6,B,4,1,0.25
16,4,6,C,6,1,0.167
16,4,6,D,4,0,0.0
16,4,7,A,6,2,0.333
16,4,7,B,4,2,0.5
16,4,7,C,6,2,0.333
16,4,7,D,4,0,0.0
16,4,8,A,6,3,0.5
16,4,8,B,4,1,0.25
16,4,8,C,6,2,0.333
16,4,8,D,4,1,0.25
16,4,9,A,6,2,0.333
16,4,9,B,4,1,0.25
16,4,9,C,6,2,0.333
16,4,9,D,4,1,0.25
16,4,10,A,6,2,0.333
16,4,10,B,4,1,0.25
16,4,10,C,6,2,0.333
16,4,10,D,4,0,0.0
16,4,11,A,6,2,0.333
16,4,11,B,4,0,0.0
16,4,11,C,6,1,0.167
16,4,11,D,4,0,0.0
16,4,12,A,6,2,0.333
16,4,12,B,4,1,0.25
16,4,12,C,6,1,0.167
16,4,12,D,4,2,0.5
16,4,13,A,6,1,0.167
16,4,13,B,4,1,0.25
16,4,13,C,6,2,0.333
16,4,13,D,4,1,0.25
16,4,14,A,6,2,0.333
16,4,14,B,4,0,0.0
16,4,14,C,6,2,0.333
16,4,14,D,4,1,0.25
16,4,15,A,6,1,0.167
16,4,15,B,4,0,0.0
16,4,15,C,6,1,0.167
16,4,15,D,4,0,0.0
16,4,16,A,6,1,0.167
16,4,16,B,4,0,0.0
16,4,16,C,6,1,0.167
16,4,16,D,4,1,0.25
16,4,17,A,6,2,0.333
16,4,17,B,4,0,0.0
16,4,17,C,6,1,0.167
16,4,17,D,4,0,0.0
16,4,18,A,6,1,0.167
16,4,18,B,4,0,0.0
16,4,18,C,6,0,0.0
16,4,18,D,4,0,0.0
16,5,6,A,6,0,0.0
16,5,6,B,4,0,0.0
16,5,6,C,6,0,0.0
16,5,6,D,4,0,0.0
16,5,7,A,6,1,0.167
16,5,7,B,4,0,0.0
16,5,7,C,6,0,0.0
16,5,7,D,4,0,0.0
16,5,8,A,6,1,0.167
16,5,8,B,4,0,0.0
16,5,8,C,6,1,0.167
16,5,8,D,4,0,0.0
16,5,9,A,6,1,0.167
16,5,9,B,4,0,0.0
16,5,9,C,6,1,0.167
16,5,9,D,4,0,0.0
16,5,10,A,6,0,0.0
16,5,10,B,4,0,0.0
16,5,10,C,6,1,0.167
16,5,10,D,4,0,0.0
16,5,11,A,6,1,0.167
16,5,11,B,4,0,0.0
16,5,11,C,6,0,0.0
16,5,11,D,4,0,0.0
16,5,12,A,6,1,0.167
16,5,12,B,4,0,0.0
16,5,12,C,6,0,0.0
16,5,12,D,4,0,0.0
16,5,13,A,6,1,0.167
16,5,13,B,4,1,0.25
16,5,13,C,6,1,0.167
16,5,13,D,4,0,0.0
16,5,14,A,6,1,0.167
16,5,14,B,4,0,0.0
16,5,14,C,6,0,0.0
16,5,14,D,4,0,0.0
16,5,15,A,6,1,0.167
16,5,15,B,4,0,0.0
16,5,15,C,6,0,0.0
16,5,15,D,4,1,0.25
16,5,16,A,6,0,0.0
16,5,16,B,4,0,0.0
16,5,16,C,6,1,0.167
16,5,16,D,4,1,0.25
16,5,17,A,6,0,0.0
16,5,17,B,4,0,0.0
16,5,17,C,6,0,0.0
16,5,17,D,4,0,0.0
16,5,18,A,6,0,0.0
16,5,18,B,4,0,0.0
16,5,18,C,6,0,0.0
16,5,18,D,4,0,0.0
17,0,6,A,6,2,0.333
17,0,6,B,4,0,0.0
17,0,6,C,6,1,0.167
17,0,6,D,4,1,0.25
17,0,7,A,6,2,0.333
17,0,7,B,4,2,0.5
17,0,7,C,6,2,0.333
17,0,7,D,4,1,0.25
17,0,8,A,6,3,0.5
17,0,8,B,4,2,0.5
17,0,8,C,6,2,0.333
17,0,8,D,4,1,0.25
17,0,9,A,6,1,0.167
17,0,9,B,4,1,0.25
17,0,9,C,6,3,0.5
17,0,9,D,4,1,0.25
17,0,10,A,6,2,0.333
17,0,10,B,4,1,0.25
17,0,10,C,6,1,0.167
17,0,10,D,4,1,0.25
17,0,11,A,6,2,0.333
17,0,11,B,4,1,0.25
17,0,11,C,6,2,0.333
17,0,11,D,4,1,0.25
17,0,12,A,6,3,0.5
17,0,12,B,4,1,0.25
17,0,12,C,6,2,0.333
17,0,12,D,4,1,0.25
17,0,13,A,6,2,0.333
17,0,13,B,4,1,0.25
17,0,13,C,6,3,0.5
17,0,13,D,4,0,0.0
17,0,14,A,6,2,0.333
17,0,14,B,4,2,0.5
17,0,14,C,6,2,0.333
17,0,14,D,4,1,0.25
17,0,15,A,6,2,0.333
17,0,15,B,4,0,0.0
17,0,15,C,6,1,0.167
17,0,15,D,4,0,0.0
17,0,16,A,6,0,0.0
17,0,16,B,4,1,0.25
17,0,16,C,6,1,0.167
17,0,16,D,4,0,0.0
17,0,17,A,6,0,0.0
17,0,17,B,4,1,0.25
17,0,17,C,6,0,0.0
17,0,17,D,4,0,0.0
17,0,18,A,6,1,0.167
17,0,18,B,4,0,0.0
17,0,18,C,6,0,0.0
17,0,18,D,4,0,0.0
17,1,6,A,6,2,0.333
17,1,6,B,4,1,0.25
17,1,6,C,6,1,0.167
17,1,6,D,4,0,0.0
17,1,7,A,6,3,0.5
17,1,7,B,4,1,0.25
17,1,7,C,6,2,0.333
17,1,7,D,4,1,0.25
17,1,8,A,6,4,0.667
17,1,8,B,4,0,0.0
17,1,8,C,6,2,0.333
17,1,8,D,4,1,0.25
17,1,9,A,6,2,0.333
17,1,9,B,4,1,0.25
17,1,9,C,6,3,0.5
17,1,9,D,4,1,0.25
17,1,10,A,6,2,0.333
17,1,10,B,4,0,0.0
17,1,10,C,6,0,0.0
17,1,10,D,4,1,0.25
17,1,11,A,6,2,0.333
17,1,11,B,4,0,0.0
17,1,11,C,6,1,0.167
17,1,11,D,4,1,0.25
17,1,12,A,6,3,0.5
17,1,12,B,4,2,0.5
17,1,12,C,6,2,0.333
17,1,12,D,4,1,0.25
17,1,13,A,6,2,0.333
17,1,13,B,4,2,0.5
17,1,13,C,6,3,0.5
17,1,13,D,4,2,0.5
17,1,14,A,6,3,0.5
17,1,14,B,4,1,0.25
17,1,14,C,6,2,0.333
17,1,14,D,4,1,0.25
17,1,15,A,6,2,0.333
17,1,15,B,4,0,0.0
17,1,15,C,6,2,0.333
17,1,15,D,4,1,0.25
17,1,16,A,6,0,0.0
17,1,16,B,4,2,0.5
17,1,16,C,6,0,0.0
17,1,16,D,4,0,0.0
17,1,17,A,6,1,0.167
17,1,17,B,4,0,0.0
17,1,17,C,6,0,0.0
17,1,17,D,4,0,0.0
17,1,18,A,6,0,0.0
17,1,18,B,4,0,0.0
17,1,18,C,6,0,0.0
17,1,18,D,4,0,0.0
17,2,6,A,6,1,0.167
17,2,6,B,4,1,0.25
17,2,6,C,6,2,0.333
17,2,6,D,4,0,0.0
17,2,7,A,6,2,0.333
17,2,7,B,4,0,0.0
17,2,7,C,6,2,0.333
17,2,7,D,4,2,0.5
17,2,8,A,6,2,0.333
17,2,8,B,4,1,0.25
17,2,8,C,6,2,0.333
17,2,8,D,4,2,0.5
17,2,9,A,6,2,0.333
17,2,9,B,4,2,0.5
17,2,9,C,6,2,0.333
17,2,9,D,4,2,0.5
17,2,10,A,6,2,0.333
17,2,10,B,4,1,0.25
17,2,10,C,6,1,0.167
17,2,10,D,4,1,0.25
17,2,11,A,6,2,0.333
17,2,11,B,4,0,0.0
17,2,11,C,6,2,0.333
17,2,11,D,4,0,0.0
17,2,12,A,6,2,0.333
17,2,12,B,4,2,0.5
17,2,12,C,6,2,0.333
17,2,12,D,4,1,0.25
17,2,13,A,6,2,0.333
17,2,13,B,4,2,0.5
17,2,13,C,6,2,0.333
17,2,13,D,4,1,0.25
17,2,14,A,6,3,0.5
17,2,14,B,4,2,0.5
17,2,14,C,6,2,0.333
17,2,14,D,4,0,0.0
17,2,15,A,6,2,0.333
17,2,15,B,4,1,0.25
17,2,15,C,6,2,0.333
17,2,15,D,4,0,0.0
17,2,16,A,6,1,0.167
17,2,16,B,4,0,0.0
17,2,16,C,6,1,0.167
17,2,16,D,4,1,0.25
17,2,17,A,6,1,0.167
17,2,17,B,4,0,0.0
17,2,17,C,6,0,0.0
17,2,17,D,4,1,0.25
17,2,18,A,6,1,0.167
17,2,18,B,4,0,0.0
17,2,18,C,6,0,0.0
17,2,18,D,4,0,0.0
17,3,6,A,6,2,0.333
17,3,6,B,4,0,0.0
17,3,6,C,6,1,0.167
17,3,6,D,4,0,0.0
17,3,7,A,6,2,0.333
17,3,7,B,4,0,0.0
17,3,7,C,6,2,0.333
17,3,7,D,4,1,0.25
17,3,8,A,6,4,0.667
17,3,8,B,4,2,0.5
17,3,8,C,6,3,0.5
17,3,8,D,4,1,0.25
17,3,9,A,6,2,0.333
17,3,9,B,4,1,0.25
17,3,9,C,6,3,0.5
17,3,9,D,4,1,0.25
17,3,10,A,6,3,0.5
17,3,10,B,4,1,0.25
17,3,10,C,6,2,0.333
17,3,10,D,4,1,0.25
17,3,11,A,6,2,0.333
17,3,11,B,4,1,0.25
17,3,11,C,6,2,0.333
17,3,11,D,4,1,0.25
17,3,12,A,6,2,0.333
17,3,12,B,4,1,0.25
17,3,12,C,6,2,0.333
17,3,12,D,4,1,0.25
17,3,13,A,6,2,0.333
17,3,13,B,4,1,0.25
17,3,13,C,6,2,0.333
17,3,13,D,4,2,0.5
17,3,14,A,6,2,0.333
17,3,14,B,4,1,0.25
17,3,14,C,6,2,0.333
17,3,14,D,4,1,0.25
17,3,15,A,6,2,0.333
17,3,15,B,4,0,0.0
17,3,15,C,6,1,0.167
17,3,15,D,4,1,0.25
17,3,16,A,6,1,0.167
17,3,16,B,4,0,0.0
17,3,16,C,6,2,0.333
17,3,16,D,4,0,0.0
17,3,17,A,6,1,0.167
17,3,17,B,4,0,0.0
17,3,17,C,6,1,0.167
17,3,17,D,4,0,0.0
17,3,18,A,6,1,0.167
17,3,18,B,4,0,0.0
17,3,18,C,6,1,0.167
17,3,18,D,4,1,0.25
17,4,6,A,6,1,0.167
17,4,6,B,4,1,0.25
17,4,6,C,6,1,0.167
17,4,6,D,4,1,0.25
17,4,7,A,6,2,0.333
17,4,7,B,4,1,0.25
17,4,7,C,6,2,0.333
17,4,7,D,4,1,0.25
17,4,8,A,6,3,0.5
17,4,8,B,4,1,0.25
17,4,8,C,6,3,0.5
17,4,8,D,4,1,0.25
17,4,9,A,6,3,0.5
17,4,9,B,4,1,0.25
17,4,9,C,6,1,0.167
17,4,9,D,4,0,0.0
17,4,10,A,6,2,0.333
17,4,10,B,4,1,0.25
17,4,10,C,6,2,0.333
17,4,10,D,4,1,0.25
17,4,11,A,6,1,0.167
17,4,11,B,4,1,0.25
17,4,11,C,6,1,0.167
17,4,11,D,4,1,0.25
17,4,12,A,6,2,0.333
17,4,12,B,4,1,0.25
17,4,12,C,6,2,0.333
17,4,12,D,4,1,0.25
17,4,13,A,6,2,0.333
17,4,13,B,4,1,0.25
17,4,13,C,6,1,0.167
17,4,13,D,4,2,0.5
17,4,14,A,6,2,0.333
17,4,14,B,4,2,0.5
17,4,14,C,6,2,0.333
17,4,14,D,4,1,0.25
17,4,15,A,6,2,0.333
17,4,15,B,4,0,0.0
17,4,15,C,6,1,0.167
17,4,15,D,4,0,0.0
17,4,16,A,6,1,0.167
17,4,16,B,4,0,0.0
17,4,16,C,6,0,0.0
17,4,16,D,4,0,0.0
17,4,17,A,6,1,0.167
17,4,17,B,4,0,0.0
17,4,17,C,6,1,0.167
17,4,17,D,4,0,0.0
17,4,18,A,6,0,0.0
17,4,18,B,4,0,0.0
17,4,18,C,6,0,0.0
17,4,18,D,4,0,0.0
17,5,6,A,6,0,0.0
17,5,6,B,4,0,0.0
17,5,6,C,6,1,0.167
17,5,6,D,4,0,0.0
17,5,7,A,6,1,0.167
17,5,7,B,4,0,0.0
17,5,7,C,6,0,0.0
17,5,7,D,4,0,0.0
17,5,8,A,6,1,0.167
17,5,8,B,4,1,0.25
17,5,8,C,6,0,0.0
17,5,8,D,4,0,0.0
17,5,9,A,6,1,0.167
17,5,9,B,4,0,0.0
17,5,9,C,6,1,0.167
17,5,9,D,4,0,0.0
17,5,10,A,6,1,0.167
17,5,10,B,4,0,0.0
17,5,10,C,6,1,0.167
17,5,10,D,4,0,0.0
17,5,11,A,6,1,0.167
17,5,11,B,4,0,0.0
17,5,11,C,6,1,0.167
17,5,11,D,4,0,0.0
17,5,12,A,6,1,0.167
17,5,12,B,4,0,0.0
17,5,12,C,6,2,0.333
17,5,12,D,4,0,0.0
17,5,13,A,6,0,0.0
17,5,13,B,4,0,0.0
17,5,13,C,6,2,0.333
17,5,13,D,4,0,0.0
17,5,14,A,6,1,0.167
17,5,14,B,4,0,0.0
17,5,14,C,6,1,0.167
17,5,14,D,4,0,0.0
17,5,15,A,6,0,0.0
17,5,15,B,4,0,0.0
17,5,15,C,6,0,0.0
17,5,15,D,4,0,0.0
17,5,16,A,6,0,0.0
17,5,16,B,4,0,0.0
17,5,16,C,6,1,0.167
17,5,16,D,4,0,0.0
17,5,17,A,6,0,0.0
17,5,17,B,4,0,0.0
17,5,17,C,6,0,0.0
17,5,17,D,4,0,0.0
17,5,18,A,6,1,0.167
17,5,18,B,4,0,0.0
17,5,18,C,6,0,0.0
17,5,18,D,4,0,0.0
18,0,6,A,6,2,0.333
18,0,6,B,4,0,0.0
18,0,6,C,6,1,0.167
18,0,6,D,4,0,0.0
18,0,7,A,6,2,0.333
18,0,7,B,4,2,0.5
18,0,7,C,6,2,0.333
18,0,7,D,4,2,0.5
18,0,8,A,6,3,0.5
18,0,8,B,4,2,0.5
18,0,8,C,6,3,0.5
18,0,8,D,4,1,0.25
18,0,9,A,6,3,0.5
18,0,9,B,4,2,0.5
18,0,9,C,6,1,0.167
18,0,9,D,4,2,0.5
18,0,10,A,6,2,0.333
18,0,10,B,4,1,0.25
18,0,10,C,6,2,0.333
18,0,10,D,4,0,0.0
18,0,11,A,6,3,0.5
18,0,11,B,4,1,0.25
18,0,11,C,6,2,0.333
18,0,11,D,4,0,0.0
18,0,12,A,6,2,0.333
18,0,12,B,4,1,0.25
18,0,12,C,6,2,0.333
18,0,12,D,4,1,0.25
18,0,13,A,6,4,0.667
18,0,13,B,4,1,0.25
18,0,13,C,6,2,0.333
18,0,13,D,4,1,0.25
18,0,14,A,6,3,0.5
18,0,14,B,4,1,0.25
18,0,14,C,6,2,0.333
18,0,14,D,4,1,0.25
18,0,15,A,6,3,0.5
18,0,15,B,4,0,0.0
18,0,15,C,6,2,0.333
18,0,15,D,4,0,0.0
18,0,16,A,6,1,0.167
18,0,16,B,4,1,0.25
18,0,16,C,6,1,0.167
18,0,16,D,4,1,0.25
18,0,17,A,6,1,0.167
18,0,17,B,4,0,0.0
18,0,17,C,6,1,0.167
18,0,17,D,4,0,0.0
18,0,18,A,6,1,0.167
18,0,18,B,4,0,0.0
18,0,18,C,6,0,0.0
18,0,18,D,4,0,0.0
18,1,6,A,6,2,0.333
18,1,6,B,4,1,0.25
18,1,6,C,6,1,0.167
18,1,6,D,4,0,0.0
18,1,7,A,6,2,0.333
18,1,7,B,4,1,0.25
18,1,7,C,6,2,0.333
18,1,7,D,4,0,0.0
18,1,8,A,6,2,0.333
18,1,8,B,4,1,0.25
18,1,8,C,6,2,0.333
18,1,8,D,4,0,0.0
18,1,9,A,6,2,0.333
18,1,9,B,4,2,0.5
18,1,9,C,6,2,0.333
18,1,9,D,4,2,0.5
18,1,10,A,6,3,0.5
18,1,10,B,4,1,0.25
18,1,10,C,6,2,0.333
18,1,10,D,4,0,0.0
18,1,11,A,6,2,0.333
18,1,11,B,4,1,0.25
18,1,11,C,6,1,0.167
18,1,11,D,4,1,0.25
18,1,12,A,6,2,0.333
18,1,12,B,4,2,0.5
18,1,12,C,6,3,0.5
18,1,12,D,4,1,0.25
18,1,13,A,6,4,0.667
18,1,13,B,4,0,0.0
18,1,13,C,6,2,0.333
18,1,13,D,4,2,0.5
18,1,14,A,6,1,0.167
18,1,14,B,4,1,0.25
18,1,14,C,6,3,0.5
18,1,14,D,4,1,0.25
18,1,15,A,6,2,0.333
18,1,15,B,4,0,0.0
18,1,15,C,6,1,0.167
18,1,15,D,4,1,0.25
18,1,16,A,6,1,0.167
18,1,16,B,4,1,0.25
18,1,16,C,6,2,0.333
18,1,16,D,4,0,0.0
18,1,17,A,6,1,0.167
18,1,17,B,4,0,0.0
18,1,17,C,6,1,0.167
18,1,17,D,4,1,0.25
18,1,18,A,6,0,0.0
18,1,18,B,4,0,0.0
18,1,18,C,6,0,0.0
18,1,18,D,4,0,0.0
18,2,6,A,6,1,0.167
18,2,6,B,4,1,0.25
18,2,6,C,6,1,0.167
18,2,6,D,4,1,0.25
18,2,7,A,6,2,0.333
18,2,7,B,4,2,0.5
18,2,7,C,6,3,0.5
18,2,7,D,4,1,0.25
18,2,8,A,6,4,0.667
18,2,8,B,4,1,0.25
18,2,8,C,6,1,0.167
18,2,8,D,4,1,0.25
18,2,9,A,6,3,0.5
18,2,9,B,4,1,0.25
18,2,9,C,6,4,0.667
18,2,9,D,4,2,0.5
18,2,10,A,6,1,0.167
18,2,10,B,4,1,0.25
18,2,10,C,6,1,0.167
18,2,10,D,4,1,0.25
18,2,11,A,6,2,0.333
18,2,11,B,4,2,0.5
18,2,11,C,6,1,0.167
18,2,11,D,4,0,0.0
18,2,12,A,6,2,0.333
18,2,12,B,4,2,0.5
18,2,12,C,6,3,0.5
18,2,12,D,4,2,0.5
18,2,13,A,6,3,0.5
18,2,13,B,4,1,0.25
18,2,13,C,6,2,0.333
18,2,13,D,4,1,0.25
18,2,14,A,6,2,0.333
18,2,14,B,4,1,0.25
18,2,14,C,6,4,0.667
18,2,14,D,4,1,0.25
18,2,15,A,6,2,0.333
18,2,15,B,4,1,0.25
18,2,15,C,6,1,0.167
18,2,15,D,4,0,0.0
18,2,16,A,6,2,0.333
18,2,16,B,4,0,0.0
18,2,16,C,6,1,0.167
18,2,16,D,4,0,0.0
18,2,17,A,6,2,0.333
18,2,17,B,4,0,0.0
18,2,17,C,6,0,0.0
18,2,17,D,4,1,0.25
18,2,18,A,6,0,0.0
18,2,18,B,4,0,0.0
18,2,18,C,6,1,0.167
18,2,18,D,4,0,0.0
18,3,6,A,6,1,0.167
18,3,6,B,4,0,0.0
18,3,6,C,6,2,0.333
18,3,6,D,4,0,0.0
18,3,7,A,6,4,0.667
18,3,7,B,4,1,0.25
18,3,7,C,6,1,0.167
18,3,7,D,4,2,0.5
18,3,8,A,6,3,0.5
18,3,8,B,4,2,0.5
18,3,8,C,6,2,0.333
18,3,8,D,4,2,0.5
18,3,9,A,6,4,0.667
18,3,9,B,4,1,0.25
18,3,9,C,6,2,0.333
18,3,9,D,4,1,0.25
18,3,10,A,6,3,0.5
18,3,10,B,4,1,0.25
18,3,10,C,6,1,0.167
18,3,10,D,4,1,0.25
18,3,11,A,6,2,0.333
18,3,11,B,4,1,0.25
18,3,11,C,6,2,0.333
18,3,11,D,4,1,0.25
18,3,12,A,6,2,0.333
18,3,12,B,4,1,0.25
18,3,12,C,6,1,0.167
18,3,12,D,4,1,0.25
18,3,13,A,6,4,0.667
18,3,13,B,4,1,0.25
18,3,13,C,6,2,0.333
18,3,13,D,4,1,0.25
18,3,14,A,6,2,0.333
18,3,14,B,4,0,0.0
18,3,14,C,6,1,0.167
18,3,14,D,4,1,0.25
18,3,15,A,6,1,0.167
18,3,15,B,4,1,0.25
18,3,15,C,6,2,0.333
18,3,15,D,4,0,0.0
18,3,16,A,6,2,0.333
18,3,16,B,4,0,0.0
18,3,16,C,6,0,0.0
18,3,16,D,4,0,0.0
18,3,17,A,6,2,0.333
18,3,17,B,4,0,0.0
18,3,17,C,6,2,0.333
18,3,17,D,4,1,0.25
18,3,18,A,6,0,0.0
18,3,18,B,4,0,0.0
18,3,18,C,6,1,0.167
18,3,18,D,4,0,0.0
18,4,6,A,6,1,0.167
18,4,6,B,4,1,0.25
18,4,6,C,6,1,0.167
18,4,6,D,4,0,0.0
18,4,7,A,6,2,0.333
18,4,7,B,4,1,0.25
18,4,7,C,6,2,0.333
18,4,7,D,4,0,0.0
18,4,8,A,6,2,0.333
18,4,8,B,4,1,0.25
18,4,8,C,6,1,0.167
18,4,8,D,4,1,0.25
18,4,9,A,6,3,0.5
18,4,9,B,4,2,0.5
18,4,9,C,6,1,0.167
18,4,9,D,4,0,0.0
18,4,10,A,6,2,0.333
18,4,10,B,4,1,0.25
18,4,10,C,6,1,0.167
18,4,10,D,4,1,0.25
18,4,11,A,6,2,0.333
18,4,11,B,4,0,0.0
18,4,11,C,6,2,0.333
18,4,11,D,4,1,0.25
18,4,12,A,6,2,0.333
18,4,12,B,4,1,0.25
18,4,12,C,6,4,0.667
18,4,12,D,4,1,0.25
18,4,13,A,6,2,0.333
18,4,13,B,4,1,0.25
18,4,13,C,6,2,0.333
18,4,13,D,4,0,0.0
18,4,14,A,6,2,0.333
18,4,14,B,4,1,0.25
18,4,14,C,6,2,0.333
18,4,14,D,4,1,0.25
18,4,15,A,6,2,0.333
18,4,15,B,4,1,0.25
18,4,15,C,6,0,0.0
18,4,15,D,4,1,0.25
18,4,16,A,6,2,0.333
18,4,16,B,4,1,0.25
18,4,16,C,6,0,0.0
18,4,16,D,4,0,0.0
18,4,17,A,6,0,0.0
18,4,17,B,4,0,0.0
18,4,17,C,6,0,0.0
18,4,17,D,4,0,0.0
18,4,18,A,6,0,0.0
18,4,18,B,4,0,0.0
18,4,18,C,6,0,0.0
18,4,18,D,4,0,0.0
18,5,6,A,6,0,0.0
18,5,6,B,4,1,0.25
18,5,6,C,6,1,0.167
18,5,6,D,4,0,0.0
18,5,7,A,6,1,0.167
18,5,7,B,4,0,0.0
18,5,7,C,6,2,0.333
18,5,7,D,4,1,0.25
18,5,8,A,6,1,0.167
18,5,8,B,4,0,0.0
18,5,8,C,6,1,0.167
18,5,8,D,4,0,0.0
18,5,9,A,6,0,0.0
18,5,9,B,4,1,0.25
18,5,9,C,6,1,0.167
18,5,9,D,4,0,0.0
18,5,10,A,6,0,0.0
18,5,10,B,4,0,0.0
18,5,10,C,6,0,0.0
18,5,10,D,4,0,0.0
18,5,11,A,6,1,0.167
18,5,11,B,4,0,0.0
18,5,11,C,6,0,0.0
18,5,11,D,4,0,0.0
18,5,12,A,6,1,0.167
18,5,12,B,4,0,0.0
18,5,12,C,6,1,0.167
18,5,12,D,4,0,0.0
18,5,13,A,6,1,0.167
18,5,13,B,4,0,0.0
18,5,13,C,6,1,0.167
18,5,13,D,4,1,0.25
18,5,14,A,6,2,0.333
18,5,14,B,4,1,0.25
18,5,14,C,6,1,0.167
18,5,14,D,4,0,0.0
18,5,15,A,6,1,0.167
18,5,15,B,4,1,0.25
18,5,15,C,6,0,0.0
18,5,15,D,4,0,0.0
18,5,16,A,6,0,0.0
18,5,16,B,4,1,0.25
18,5,16,C,6,1,0.167
18,5,16,D,4,0,0.0
18,5,17,A,6,0,0.0
18,5,17,B,4,0,0.0
18,5,17,C,6,1,0.167
18,5,17,D,4,0,0.0
18,5,18,A,6,0,0.0
18,5,18,B,4,0,0.0
18,5,18,C,6,0,0.0
18,5,18,D,4,0,0.0
19,0,6,A,6,2,0.333
19,0,6,B,4,1,0.25
19,0,6,C,6,2,0.333
19,0,6,D,4,0,0.0
19,0,7,A,6,2,0.333
19,0,7,B,4,2,0.5
19,0,7,C,6,2,0.333
19,0,7,D,4,2,0.5
19,0,8,A,6,2,0.333
19,0,8,B,4,2,0.5
19,0,8,C,6,2,0.333
19,0,8,D,4,1,0.25
19,0,9,A,6,2,0.333
19,0,9,B,4,1,0.25
19,0,9,C,6,2,0.333
19,0,9,D,4,1,0.25
19,0,10,A,6,2,0.333
19,0,10,B,4,0,0.0
19,0,10,C,6,1,0.167
19,0,10,D,4,0,0.0
19,0,11,A,6,3,0.5
19,0,11,B,4,0,0.0
19,0,11,C,6,2,0.333
19,0,11,D,4,2,0.5
19,0,12,A,6,3,0.5
19,0,12,B,4,1,0.25
19,0,12,C,6,2,0.333
19,0,12,D,4,0,0.0
19,0,13,A,6,3,0.5
19,0,13,B,4,2,0.5
19,0,13,C,6,3,0.5
19,0,13,D,4,0,0.0
19,0,14,A,6,2,0.333
19,0,14,B,4,1,0.25
19,0,14,C,6,2,0.333
19,0,14,D,4,1,0.25
19,0,15,A,6,1,0.167
19,0,15,B,4,1,0.25
19,0,15,C,6,2,0.333
19,0,15,D,4,1,0.25
19,0,16,A,6,2,0.333
19,0,16,B,4,0,0.0
19,0,16,C,6,1,0.167
19,0,16,D,4,1,0.25
19,0,17,A,6,2,0.333
19,0,17,B,4,1,0.25
19,0,17,C,6,1,0.167
19,0,17,D,4,0,0.0
19,0,18,A,6,1,0.167
19,0,18,B,4,0,0.0
19,0,18,C,6,0,0.0
19,0,18,D,4,0,0.0
19,1,6,A,6,2,0.333
19,1,6,B,4,0,0.0
19,1,6,C,6,0,0.0
19,1,6,D,4,1,0.25
19,1,7,A,6,2,0.333
19,1,7,B,4,2,0.5
19,1,7,C,6,2,0.333
19,1,7,D,4,1,0.25
19,1,8,A,6,2,0.333
19,1,8,B,4,2,0.5
19,1,8,C,6,3,0.5
19,1,8,D,4,2,0.5
19,1,9,A,6,3,0.5
19,1,9,B,4,1,0.25
19,1,9,C,6,2,0.333
19,1,9,D,4,1,0.25
19,1,10,A,6,2,0.333
19,1,10,B,4,0,0.0
19,1,10,C,6,2,0.333
19,1,10,D,4,1,0.25
19,1,11,A,6,2,0.333
19,1,11,B,4,1,0.25
19,1,11,C,6,2,0.333
19,1,11,D,4,1,0.25
19,1,12,A,6,3,0.5
19,1,12,B,4,1,0.25
19,1,12,C,6,1,0.167
19,1,12,D,4,1,0.25
19,1,13,A,6,4,0.667
19,1,13,B,4,2,0.5
19,1,13,C,6,3,0.5
19,1,13,D,4,2,0.5
19,1,14,A,6,4,0.667
19,1,14,B,4,2,0.5
19,1,14,C,6,2,0.333
19,1,14,D,4,2,0.5
19,1,15,A,6,1,0.167
19,1,15,B,4,0,0.0
19,1,15,C,6,2,0.333
19,1,15,D,4,1,0.25
19,1,16,A,6,1,0.167
19,1,16,B,4,1,0.25
19,1,16,C,6,1,0.167
19,1,16,D,4,0,0.0
19,1,17,A,6,1,0.167
19,1,17,B,4,0,0.0
19,1,17,C,6,0,0.0
19,1,17,D,4,0,0.0
19,1,18,A,6,1,0.167
19,1,18,B,4,1,0.25
19,1,18,C,6,0,0.0
19,1,18,D,4,0,0.0
19,2,6,A,6,1,0.167
19,2,6,B,4,0,0.0
19,2,6,C,6,2,0.333
19,2,6,D,4,0,0.0
19,2,7,A,6,2,0.333
19,2,7,B,4,1,0.25
19,2,7,C,6,2,0.333
19,2,7,D,4,1,0.25
19,2,8,A,6,3,0.5
19,2,8,B,4,2,0.5
19,2,8,C,6,3,0.5
19,2,8,D,4,1,0.25
19,2,9,A,6,4,0.667
19,2,9,B,4,2,0.5
19,2,9,C,6,2,0.333
19,2,9,D,4,1,0.25
19,2,10,A,6,2,0.333
19,2,10,B,4,1,0.25
19,2,10,C,6,2,0.333
19,2,10,D,4,1,0.25
19,2,11,A,6,1,0.167
19,2,11,B,4,1,0.25
19,2,11,C,6,1,0.167
19,2,11,D,4,1,0.25
19,2,12,A,6,3,0.5
19,2,12,B,4,2,0.5
19,2,12,C,6,2,0.333
19,2,12,D,4,1,0.25
19,2,13,A,6,3,0.5
19,2,13,B,4,1,0.25
19,2,13,C,6,3,0.5
19,2,13,D,4,1,0.25
19,2,14,A,6,2,0.333
19,2,14,B,4,1,0.25
19,2,14,C,6,2,0.333
19,2,14,D,4,0,0.0
19,2,15,A,6,1,0.167
19,2,15,B,4,1,0.25
19,2,15,C,6,2,0.333
19,2,15,D,4,1,0.25
19,2,16,A,6,1,0.167
19,2,16,B,4,0,0.0
19,2,16,C,6,0,0.0
19,2,16,D,4,0,0.0
19,2,17,A,6,1,0.167
19,2,17,B,4,0,0.0
19,2,17,C,6,1,0.167
19,2,17,D,4,0,0.0
19,2,18,A,6,1,0.167
19,2,18,B,4,0,0.0
19,2,18,C,6,1,0.167
19,2,18,D,4,1,0.25
19,3,6,A,6,1,0.167
19,3,6,B,4,0,0.0
19,3,6,C,6,2,0.333
19,3,6,D,4,2,0.5
19,3,7,A,6,2,0.333
19,3,7,B,4,2,0.5
19,3,7,C,6,1,0.167
19,3,7,D,4,1,0.25
19,3,8,A,6,3,0.5
19,3,8,B,4,1,0.25
19,3,8,C,6,3,0.5
19,3,8,D,4,1,0.25
19,3,9,A,6,3,0.5
19,3,9,B,4,2,0.5
19,3,9,C,6,1,0.167
19,3,9,D,4,1,0.25
19,3,10,A,6,1,0.167
19,3,10,B,4,0,0.0
19,3,10,C,6,2,0.333
19,3,10,D,4,2,0.5
19,3,11,A,6,2,0.333
19,3,11,B,4,2,0.5
19,3,11,C,6,1,0.167
19,3,11,D,4,1,0.25
19,3,12,A,6,2,0.333
19,3,12,B,4,1,0.25
19,3,12,C,6,2,0.333
19,3,12,D,4,1,0.25
19,3,13,A,6,2,0.333
19,3,13,B,4,0,0.0
19,3,13,C,6,1,0.167
19,3,13,D,4,2,0.5
19,3,14,A,6,3,0.5
19,3,14,B,4,1,0.25
19,3,14,C,6,2,0.333
19,3,14,D,4,1,0.25
19,3,15,A,6,2,0.333
19,3,15,B,4,0,0.0
19,3,15,C,6,2,0.333
19,3,15,D,4,1,0.25
19,3,16,A,6,1,0.167
19,3,16,B,4,0,0.0
19,3,16,C,6,0,0.0
19,3,16,D,4,0,0.0
19,3,17,A,6,0,0.0
19,3,17,B,4,0,0.0
19,3,17,C,6,1,0.167
19,3,17,D,4,0,0.0
19,3,18,A,6,0,0.0
19,3,18,B,4,0,0.0
19,3,18,C,6,0,0.0
19,3,18,D,4,0,0.0
19,4,6,A,6,2,0.333
19,4,6,B,4,1,0.25
19,4,6,C,6,0,0.0
19,4,6,D,4,0,0.0
19,4,7,A,6,2,0.333
19,4,7,B,4,1,0.25
19,4,7,C,6,1,0.167
19,4,7,D,4,1,0.25
19,4,8,A,6,4,0.667
19,4,8,B,4,1,0.25
19,4,8,C,6,2,0.333
19,4,8,D,4,2,0.5
19,4,9,A,6,4,0.667
19,4,9,B,4,0,0.0
19,4,9,C,6,2,0.333
19,4,9,D,4,1,0.25
19,4,10,A,6,3,0.5
19,4,10,B,4,2,0.5
19,4,10,C,6,1,0.167
19,4,10,D,4,0,0.0
19,4,11,A,6,1,0.167
19,4,11,B,4,0,0.0
19,4,11,C,6,1,0.167
19,4,11,D,4,0,0.0
19,4,12,A,6,4,0.667
19,4,12,B,4,1,0.25
19,4,12,C,6,2,0.333
19,4,12,D,4,1,0.25
19,4,13,A,6,2,0.333
19,4,13,B,4,1,0.25
19,4,13,C,6,2,0.333
19,4,13,D,4,2,0.5
19,4,14,A,6,2,0.333
19,4,14,B,4,1,0.25
19,4,14,C,6,2,0.333
19,4,14,D,4,1,0.25
19,4,15,A,6,2,0.333
19,4,15,B,4,0,0.0
19,4,15,C,6,1,0.167
19,4,15,D,4,1,0.25
19,4,16,A,6,1,0.167
19,4,16,B,4,0,0.0
19,4,16,C,6,0,0.0
19,4,16,D,4,0,0.0
19,4,17,A,6,1,0.167
19,4,17,B,4,0,0.0
19,4,17,C,6,1,0.167
19,4,17,D,4,0,0.0
19,4,18,A,6,0,0.0
19,4,18,B,4,0,0.0
19,4,18,C,6,0,0.0
19,4,18,D,4,0,0.0
19,5,6,A,6,0,0.0
19,5,6,B,4,1,0.25
19,5,6,C,6,0,0.0
19,5,6,D,4,1,0.25
19,5,7,A,6,1,0.167
19,5,7,B,4,0,0.0
19,5,7,C,6,1,0.167
19,5,7,D,4,0,0.0
19,5,8,A,6,1,0.167
19,5,8,B,4,1,0.25
19,5,8,C,6,1,0.167
19,5,8,D,4,0,0.0
19,5,9,A,6,1,0.167
19,5,9,B,4,0,0.0
19,5,9,C,6,1,0.167
19,5,9,D,4,1,0.25
19,5,10,A,6,1,0.167
19,5,10,B,4,1,0.25
19,5,10,C,6,1,0.167
19,5,10,D,4,0,0.0
19,5,11,A,6,1,0.167
19,5,11,B,4,0,0.0
19,5,11,C,6,0,0.0
19,5,11,D,4,0,0.0
19,5,12,A,6,1,0.167
19,5,12,B,4,0,0.0
19,5,12,C,6,1,0.167
19,5,12,D,4,0,0.0
19,5,13,A,6,0,0.0
19,5,13,B,4,1,0.25
19,5,13,C,6,1,0.167
19,5,13,D,4,0,0.0
19,5,14,A,6,1,0.167
19,5,14,B,4,0,0.0
19,5,14,C,6,2,0.333
19,5,14,D,4,0,0.0
19,5,15,A,6,0,0.0
19,5,15,B,4,1,0.25
19,5,15,C,6,0,0.0
19,5,15,D,4,0,0.0
19,5,16,A,6,0,0.0
19,5,16,B,4,0,0.0
19,5,16,C,6,0,0.0
19,5,16,D,4,0,0.0
19,5,17,A,6,0,0.0
19,5,17,B,4,0,0.0
19,5,17,C,6,0,0.0
19,5,17,D,4,0,0.0
19,5,18,A,6,1,0.167
19,5,18,B,4,0,0.0
19,5,18,C,6,0,0.0
19,5,18,D,4,0,0.0
20,0,6,A,6,2,0.333
20,0,6,B,4,0,0.0
20,0,6,C,6,1,0.167
20,0,6,D,4,0,0.0
20,0,7,A,6,2,0.333
20,0,7,B,4,2,0.5
20,0,7,C,6,1,0.167
20,0,7,D,4,1,0.25
20,0,8,A,6,3,0.5
20,0,8,B,4,1,0.25
20,0,8,C,6,3,0.5
20,0,8,D,4,1,0.25
20,0,9,A,6,4,0.667
20,0,9,B,4,1,0.25
20,0,9,C,6,2,0.333
20,0,9,D,4,2,0.5
20,0,10,A,6,2,0.333
20,0,10,B,4,0,0.0
20,0,10,C,6,2,0.333
20,0,10,D,4,0,0.0
20,0,11,A,6,2,0.333
20,0,11,B,4,1,0.25
20,0,11,C,6,2,0.333
20,0,11,D,4,1,0.25
20,0,12,A,6,2,0.333
20,0,12,B,4,1,0.25
20,0,12,C,6,2,0.333
20,0,12,D,4,2,0.5
20,0,13,A,6,4,0.667
20,0,13,B,4,2,0.5
20,0,13,C,6,2,0.333
20,0,13,D,4,1,0.25
20,0,14,A,6,2,0.333
20,0,14,B,4,2,0.5
20,0,14,C,6,3,0.5
20,0,14,D,4,1,0.25
20,0,15,A,6,2,0.333
20,0,15,B,4,1,0.25
20,0,15,C,6,2,0.333
20,0,15,D,4,0,0.0
20,0,16,A,6,0,0.0
20,0,16,B,4,1,0.25
20,0,16,C,6,1,0.167
20,0,16,D,4,0,0.0
20,0,17,A,6,0,0.0
20,0,17,B,4,0,0.0
20,0,17,C,6,1,0.167
20,0,17,D,4,1,0.25
20,0,18,A,6,0,0.0
20,0,18,B,4,0,0.0
20,0,18,C,6,0,0.0
20,0,18,D,4,0,0.0
20,1,6,A,6,1,0.167
20,1,6,B,4,1,0.25
20,1,6,C,6,1,0.167
20,1,6,D,4,0,0.0
20,1,7,A,6,3,0.5
20,1,7,B,4,0,0.0
20,1,7,C,6,2,0.333
20,1,7,D,4,1,0.25
20,1,8,A,6,4,0.667
20,1,8,B,4,2,0.5
20,1,8,C,6,3,0.5
20,1,8,D,4,1,0.25
20,1,9,A,6,3,0.5
20,1,9,B,4,2,0.5
20,1,9,C,6,3,0.5
20,1,9,D,4,1,0.25
20,1,10,A,6,1,0.167
20,1,10,B,4,1,0.25
20,1,10,C,6,2,0.333
20,1,10,D,4,1,0.25
20,1,11,A,6,2,0.333
20,1,11,B,4,1,0.25
20,1,11,C,6,2,0.333
20,1,11,D,4,0,0.0
20,1,12,A,6,3,0.5
20,1,12,B,4,1,0.25
20,1,12,C,6,2,0.333
20,1,12,D,4,2,0.5
20,1,13,A,6,4,0.667
20,1,13,B,4,1,0.25
20,1,13,C,6,2,0.333
20,1,13,D,4,1,0.25
20,1,14,A,6,3,0.5
20,1,14,B,4,1,0.25
20,1,14,C,6,1,0.167
20,1,14,D,4,2,0.5
20,1,15,A,6,2,0.333
20,1,15,B,4,1,0.25
20,1,15,C,6,2,0.333
20,1,15,D,4,0,0.0
20,1,16,A,6,2,0.333
20,1,16,B,4,2,0.5
20,1,16,C,6,1,0.167
20,1,16,D,4,1,0.25
20,1,17,A,6,1,0.167
20,1,17,B,4,1,0.25
20,1,17,C,6,1,0.167
20,1,17,D,4,1,0.25
20,1,18,A,6,0,0.0
20,1,18,B,4,1,0.25
20,1,18,C,6,1,0.167
20,1,18,D,4,0,0.0
20,2,6,A,6,1,0.167
20,2,6,B,4,0,0.0
20,2,6,C,6,1,0.167
20,2,6,D,4,1,0.25
20,2,7,A,6,2,0.333
20,2,7,B,4,2,0.5
20,2,7,C,6,2,0.333
20,2,7,D,4,1,0.25
20,2,8,A,6,4,0.667
20,2,8,B,4,2,0.5
20,2,8,C,6,2,0.333
20,2,8,D,4,1,0.25
20,2,9,A,6,2,0.333
20,2,9,B,4,1,0.25
20,2,9,C,6,1,0.167
20,2,9,D,4,2,0.5
20,2,10,A,6,2,0.333
20,2,10,B,4,1,0.25
20,2,10,C,6,2,0.333
20,2,10,D,4,1,0.25
20,2,11,A,6,2,0.333
20,2,11,B,4,2,0.5
20,2,11,C,6,1,0.167
20,2,11,D,4,0,0.0
20,2,12,A,6,2,0.333
20,2,12,B,4,1,0.25
20,2,12,C,6,2,0.333
20,2,12,D,4,0,0.0
20,2,13,A,6,2,0.333
20,2,13,B,4,0,0.0
20,2,13,C,6,2,0.333
20,2,13,D,4,1,0.25
20,2,14,A,6,2,0.333
20,2,14,B,4,1,0.25
20,2,14,C,6,2,0.333
20,2,14,D,4,1,0.25
20,2,15,A,6,3,0.5
20,2,15,B,4,0,0.0
20,2,15,C,6,0,0.0
20,2,15,D,4,1,0.25
20,2,16,A,6,1,0.167
20,2,16,B,4,0,0.0
20,2,16,C,6,1,0.167
20,2,16,D,4,1,0.25
20,2,17,A,6,1,0.167
20,2,17,B,4,0,0.0
20,2,17,C,6,1,0.167
20,2,17,D,4,0,0.0
20,2,18,A,6,1,0.167
20,2,18,B,4,1,0.25
20,2,18,C,6,0,0.0
20,2,18,D,4,0,0.0
20,3,6,A,6,1,0.167
20,3,6,B,4,0,0.0
20,3,6,C,6,1,0.167
20,3,6,D,4,0,0.0
20,3,7,A,6,3,0.5
20,3,7,B,4,1,0.25
20,3,7,C,6,2,0.333
20,3,7,D,4,1,0.25
20,3,8,A,6,3,0.5
20,3,8,B,4,2,0.5
20,3,8,C,6,3,0.5
20,3,8,D,4,1,0.25
20,3,9,A,6,2,0.333
20,3,9,B,4,1,0.25
20,3,9,C,6,2,0.333
20,3,9,D,4,2,0.5
20,3,10,A,6,2,0.333
20,3,10,B,4,1,0.25
20,3,10,C,6,2,0.333
20,3,10,D,4,1,0.25
20,3,11,A,6,2,0.333
20,3,11,B,4,1,0.25
20,3,11,C,6,1,0.167
20,3,11,D,4,0,0.0
20,3,12,A,6,3,0.5
20,3,12,B,4,1,0.25
20,3,12,C,6,2,0.333
20,3,12,D,4,0,0.0
20,3,13,A,6,2,0.333
20,3,13,B,4,1,0.25
20,3,13,C,6,2,0.333
20,3,13,D,4,1,0.25
20,3,14,A,6,2,0.333
20,3,14,B,4,1,0.25
20,3,14,C,6,2,0.333
20,3,14,D,4,1,0.25
20,3,15,A,6,2,0.333
20,3,15,B,4,1,0.25
20,3,15,C,6,2,0.333
20,3,15,D,4,0,0.0
20,3,16,A,6,0,0.0
20,3,16,B,4,0,0.0
20,3,16,C,6,1,0.167
20,3,16,D,4,0,0.0
20,3,17,A,6,2,0.333
20,3,17,B,4,0,0.0
20,3,17,C,6,1,0.167
20,3,17,D,4,0,0.0
20,3,18,A,6,0,0.0
20,3,18,B,4,0,0.0
20,3,18,C,6,0,0.0
20,3,18,D,4,0,0.0
20,4,6,A,6,1,0.167
20,4,6,B,4,1,0.25
20,4,6,C,6,1,0.167
20,4,6,D,4,0,0.0
20,4,7,A,6,2,0.333
20,4,7,B,4,1,0.25
20,4,7,C,6,2,0.333
20,4,7,D,4,1,0.25
20,4,8,A,6,3,0.5
20,4,8,B,4,2,0.5
20,4,8,C,6,2,0.333
20,4,8,D,4,0,0.0
20,4,9,A,6,3,0.5
20,4,9,B,4,1,0.25
20,4,9,C,6,2,0.333
20,4,9,D,4,1,0.25
20,4,10,A,6,1,0.167
20,4,10,B,4,1,0.25
20,4,10,C,6,2,0.333
20,4,10,D,4,0,0.0
20,4,11,A,6,2,0.333
20,4,11,B,4,1,0.25
20,4,11,C,6,2,0.333
20,4,11,D,4,0,0.0
20,4,12,A,6,3,0.5
20,4,12,B,4,1,0.25
20,4,12,C,6,2,0.333
20,4,12,D,4,0,0.0
20,4,13,A,6,1,0.167
20,4,13,B,4,1,0.25
20,4,13,C,6,2,0.333
20,4,13,D,4,2,0.5
20,4,14,A,6,2,0.333
20,4,14,B,4,1,0.25
20,4,14,C,6,2,0.333
20,4,14,D,4,1,0.25
20,4,15,A,6,2,0.333
20,4,15,B,4,1,0.25
20,4,15,C,6,0,0.0
20,4,15,D,4,1,0.25
20,4,16,A,6,2,0.333
20,4,16,B,4,1,0.25
20,4,16,C,6,1,0.167
20,4,16,D,4,0,0.0
20,4,17,A,6,0,0.0
20,4,17,B,4,0,0.0
20,4,17,C,6,0,0.0
20,4,17,D,4,0,0.0
20,4,18,A,6,0,0.0
20,4,18,B,4,1,0.25
20,4,18,C,6,0,0.0
20,4,18,D,4,0,0.0
20,5,6,A,6,0,0.0
20,5,6,B,4,0,0.0
20,5,6,C,6,0,0.0
20,5,6,D,4,0,0.0
20,5,7,A,6,2,0.333
20,5,7,B,4,1,0.25
20,5,7,C,6,1,0.167
20,5,7,D,4,0,0.0
20,5,8,A,6,1,0.167
20,5,8,B,4,0,0.0
20,5,8,C,6,1,0.167
20,5,8,D,4,0,0.0
20,5,9,A,6,1,0.167
20,5,9,B,4,0,0.0
20,5,9,C,6,0,0.0
20,5,9,D,4,0,0.0
20,5,10,A,6,1,0.167
20,5,10,B,4,0,0.0
20,5,10,C,6,0,0.0
20,5,10,D,4,0,0.0
20,5,11,A,6,0,0.0
20,5,11,B,4,0,0.0
20,5,11,C,6,0,0.0
20,5,11,D,4,0,0.0
20,5,12,A,6,0,0.0
20,5,12,B,4,1,0.25
20,5,12,C,6,1,0.167
20,5,12,D,4,0,0.0
20,5,13,A,6,0,0.0
20,5,13,B,4,0,0.0
20,5,13,C,6,1,0.167
20,5,13,D,4,0,0.0
20,5,14,A,6,1,0.167
20,5,14,B,4,0,0.0
20,5,14,C,6,1,0.167
20,5,14,D,4,0,0.0
20,5,15,A,6,0,0.0
20,5,15,B,4,0,0.0
20,5,15,C,6,0,0.0
20,5,15,D,4,0,0.0
20,5,16,A,6,0,0.0
20,5,16,B,4,0,0.0
20,5,16,C,6,0,0.0
20,5,16,D,4,0,0.0
20,5,17,A,6,0,0.0
20,5,17,B,4,0,0.0
20,5,17,C,6,0,0.0
20,5,17,D,4,0,0.0
20,5,18,A,6,0,0.0
20,5,18,B,4,0,0.0
20,5,18,C,6,0,0.0
20,5,18,D,4,0,0.0
21,0,6,A,6,1,0.167
21,0,6,B,4,1,0.25
21,0,6,C,6,2,0.333
21,0,6,D,4,0,0.0
21,0,7,A,6,2,0.333
21,0,7,B,4,1,0.25
21,0,7,C,6,2,0.333
21,0,7,D,4,1,0.25
21,0,8,A,6,4,0.667
21,0,8,B,4,1,0.25
21,0,8,C,6,2,0.333
21,0,8,D,4,1,0.25
21,0,9,A,6,2,0.333
21,0,9,B,4,2,0.5
21,0,9,C,6,2,0.333
21,0,9,D,4,2,0.5
21,0,10,A,6,2,0.333
21,0,10,B,4,1,0.25
21,0,10,C,6,1,0.167
21,0,10,D,4,0,0.0
21,0,11,A,6,2,0.333
21,0,11,B,4,2,0.5
21,0,11,C,6,2,0.333
21,0,11,D,4,1,0.25
21,0,12,A,6,2,0.333
21,0,12,B,4,2,0.5
21,0,12,C,6,2,0.333
21,0,12,D,4,1,0.25
21,0,13,A,6,2,0.333
21,0,13,B,4,2,0.5
21,0,13,C,6,2,0.333
21,0,13,D,4,0,0.0
21,0,14,A,6,2,0.333
21,0,14,B,4,1,0.25
21,0,14,C,6,2,0.333
21,0,14,D,4,0,0.0
21,0,15,A,6,3,0.5
21,0,15,B,4,0,0.0
21,0,15,C,6,2,0.333
21,0,15,D,4,1,0.25
21,0,16,A,6,1,0.167
21,0,16,B,4,1,0.25
21,0,16,C,6,0,0.0
21,0,16,D,4,0,0.0
21,0,17,A,6,0,0.0
21,0,17,B,4,0,0.0
21,0,17,C,6,0,0.0
21,0,17,D,4,0,0.0
21,0,18,A,6,1,0.167
21,0,18,B,4,0,0.0
21,0,18,C,6,0,0.0
21,0,18,D,4,0,0.0
21,1,6,A,6,2,0.333
21,1,6,B,4,1,0.25
21,1,6,C,6,1,0.167
21,1,6,D,4,0,0.0
21,1,7,A,6,3,0.5
21,1,7,B,4,2,0.5
21,1,7,C,6,2,0.333
21,1,7,D,4,2,0.5
21,1,8,A,6,4,0.667
21,1,8,B,4,1,0.25
21,1,8,C,6,2,0.333
21,1,8,D,4,2,0.5
21,1,9,A,6,2,0.333
21,1,9,B,4,1,0.25
21,1,9,C,6,2,0.333
21,1,9,D,4,1,0.25
21,1,10,A,6,4,0.667
21,1,10,B,4,1,0.25
21,1,10,C,6,2,0.333
21,1,10,D,4,1,0.25
21,1,11,A,6,2,0.333
21,1,11,B,4,2,0.5
21,1,11,C,6,2,0.333
21,1,11,D,4,2,0.5
21,1,12,A,6,2,0.333
21,1,12,B,4,2,0.5
21,1,12,C,6,2,0.333
21,1,12,D,4,1,0.25
21,1,13,A,6,2,0.333
21,1,13,B,4,1,0.25
21,1,13,C,6,1,0.167
21,1,13,D,4,2,0.5
21,1,14,A,6,3,0.5
21,1,14,B,4,2,0.5
21,1,14,C,6,2,0.333
21,1,14,D,4,2,0.5
21,1,15,A,6,2,0.333
21,1,15,B,4,1,0.25
21,1,15,C,6,2,0.333
21,1,15,D,4,1,0.25
21,1,16,A,6,2,0.333
21,1,16,B,4,0,0.0
21,1,16,C,6,2,0.333
21,1,16,D,4,0,0.0
21,1,17,A,6,1,0.167
21,1,17,B,4,0,0.0
21,1,17,C,6,1,0.167
21,1,17,D,4,1,0.25
21,1,18,A,6,1,0.167
21,1,18,B,4,1,0.25
21,1,18,C,6,0,0.0
21,1,18,D,4,0,0.0
21,2,6,A,6,1,0.167
21,2,6,B,4,1,0.25
21,2,6,C,6,1,0.167
21,2,6,D,4,1,0.25
21,2,7,A,6,2,0.333
21,2,7,B,4,1,0.25
21,2,7,C,6,2,0.333
21,2,7,D,4,2,0.5
21,2,8,A,6,2,0.333
21,2,8,B,4,2,0.5
21,2,8,C,6,2,0.333
21,2,8,D,4,2,0.5
21,2,9,A,6,1,0.167
21,2,9,B,4,2,0.5
21,2,9,C,6,2,0.333
21,2,9,D,4,1,0.25
21,2,10,A,6,2,0.333
21,2,10,B,4,0,0.0
21,2,10,C,6,2,0.333
21,2,10,D,4,1,0.25
21,2,11,A,6,2,0.333
21,2,11,B,4,0,0.0
21,2,11,C,6,2,0.333
21,2,11,D,4,0,0.0
21,2,12,A,6,2,0.333
21,2,12,B,4,1,0.25
21,2,12,C,6,2,0.333
21,2,12,D,4,1,0.25
21,2,13,A,6,3,0.5
21,2,13,B,4,1,0.25
21,2,13,C,6,2,0.333
21,2,13,D,4,1,0.25
21,2,14,A,6,3,0.5
21,2,14,B,4,2,0.5
21,2,14,C,6,2,0.333
21,2,14,D,4,1,0.25
21,2,15,A,6,2,0.333
21,2,15,B,4,1,0.25
21,2,15,C,6,2,0.333
21,2,15,D,4,0,0.0
21,2,16,A,6,0,0.0
21,2,16,B,4,1,0.25
21,2,16,C,6,0,0.0
21,2,16,D,4,0,0.0
21,2,17,A,6,1,0.167
21,2,17,B,4,0,0.0
21,2,17,C,6,1,0.167
21,2,17,D,4,0,0.0
21,2,18,A,6,0,0.0
21,2,18,B,4,0,0.0
21,2,18,C,6,1,0.167
21,2,18,D,4,0,0.0
21,3,6,A,6,1,0.167
21,3,6,B,4,0,0.0
21,3,6,C,6,1,0.167
21,3,6,D,4,1,0.25
21,3,7,A,6,4,0.667
21,3,7,B,4,0,0.0
21,3,7,C,6,3,0.5
21,3,7,D,4,1,0.25
21,3,8,A,6,3,0.5
21,3,8,B,4,1,0.25
21,3,8,C,6,2,0.333
21,3,8,D,4,0,0.0
21,3,9,A,6,2,0.333
21,3,9,B,4,1,0.25
21,3,9,C,6,2,0.333
21,3,9,D,4,1,0.25
21,3,10,A,6,1,0.167
21,3,10,B,4,1,0.25
21,3,10,C,6,2,0.333
21,3,10,D,4,1,0.25
21,3,11,A,6,2,0.333
21,3,11,B,4,1,0.25
21,3,11,C,6,2,0.333
21,3,11,D,4,2,0.5
21,3,12,A,6,2,0.333
21,3,12,B,4,0,0.0
21,3,12,C,6,2,0.333
21,3,12,D,4,1,0.25
21,3,13,A,6,2,0.333
21,3,13,B,4,2,0.5
21,3,13,C,6,1,0.167
21,3,13,D,4,2,0.5
21,3,14,A,6,3,0.5
21,3,14,B,4,1,0.25
21,3,14,C,6,2,0.333
21,3,14,D,4,0,0.0
21,3,15,A,6,2,0.333
21,3,15,B,4,2,0.5
21,3,15,C,6,2,0.333
21,3,15,D,4,0,0.0
21,3,16,A,6,1,0.167
21,3,16,B,4,1,0.25
21,3,16,C,6,2,0.333
21,3,16,D,4,0,0.0
21,3,17,A,6,0,0.0
21,3,17,B,4,0,0.0
21,3,17,C,6,1,0.167
21,3,17,D,4,0,0.0
21,3,18,A,6,0,0.0
21,3,18,B,4,0,0.0
21,3,18,C,6,0,0.0
21,3,18,D,4,0,0.0
21,4,6,A,6,1,0.167
21,4,6,B,4,1,0.25
21,4,6,C,6,1,0.167
21,4,6,D,4,0,0.0
21,4,7,A,6,2,0.333
21,4,7,B,4,0,0.0
21,4,7,C,6,2,0.333
21,4,7,D,4,1,0.25
21,4,8,A,6,2,0.333
21,4,8,B,4,1,0.25
21,4,8,C,6,2,0.333
21,4,8,D,4,1,0.25
21,4,9,A,6,2,0.333
21,4,9,B,4,1,0.25
21,4,9,C,6,2,0.333
21,4,9,D,4,1,0.25
21,4,10,A,6,2,0.333
21,4,10,B,4,0,0.0
21,4,10,C,6,2,0.333
21,4,10,D,4,0,0.0
21,4,11,A,6,2,0.333
21,4,11,B,4,1,0.25
21,4,11,C,6,1,0.167
21,4,11,D,4,0,0.0
21,4,12,A,6,2,0.333
21,4,12,B,4,0,0.0
21,4,12,C,6,2,0.333
21,4,12,D,4,1,0.25
21,4,13,A,6,2,0.333
21,4,13,B,4,2,0.5
21,4,13,C,6,1,0.167
21,4,13,D,4,0,0.0
21,4,14,A,6,2,0.333
21,4,14,B,4,2,0.5
21,4,14,C,6,1,0.167
21,4,14,D,4,0,0.0
21,4,15,A,6,2,0.333
21,4,15,B,4,1,0.25
21,4,15,C,6,1,0.167
21,4,15,D,4,0,0.0
21,4,16,A,6,2,0.333
21,4,16,B,4,0,0.0
21,4,16,C,6,1,0.167
21,4,16,D,4,0,0.0
21,4,17,A,6,1,0.167
21,4,17,B,4,0,0.0
21,4,17,C,6,0,0.0
21,4,17,D,4,0,0.0
21,4,18,A,6,1,0.167
21,4,18,B,4,0,0.0
21,4,18,C,6,0,0.0
21,4,18,D,4,0,0.0
21,5,6,A,6,0,0.0
21,5,6,B,4,0,0.0
21,5,6,C,6,0,0.0
21,5,6,D,4,0,0.0
21,5,7,A,6,0,0.0
21,5,7,B,4,1,0.25
21,5,7,C,6,1,0.167
21,5,7,D,4,1,0.25
21,5,8,A,6,1,0.167
21,5,8,B,4,1,0.25
21,5,8,C,6,2,0.333
21,5,8,D,4,1,0.25
21,5,9,A,6,1,0.167
21,5,9,B,4,0,0.0
21,5,9,C,6,0,0.0
21,5,9,D,4,0,0.0
21,5,10,A,6,0,0.0
21,5,10,B,4,0,0.0
21,5,10,C,6,0,0.0
21,5,10,D,4,0,0.0
21,5,11,A,6,1,0.167
21,5,11,B,4,0,0.0
21,5,11,C,6,0,0.0
21,5,11,D,4,0,0.0
21,5,12,A,6,1,0.167
21,5,12,B,4,0,0.0
21,5,12,C,6,0,0.0
21,5,12,D,4,0,0.0
21,5,13,A,6,2,0.333
21,5,13,B,4,1,0.25
21,5,13,C,6,0,0.0
21,5,13,D,4,1,0.25
21,5,14,A,6,1,0.167
21,5,14,B,4,0,0.0
21,5,14,C,6,1,0.167
21,5,14,D,4,0,0.0
21,5,15,A,6,1,0.167
21,5,15,B,4,1,0.25
21,5,15,C,6,1,0.167
21,5,15,D,4,0,0.0
21,5,16,A,6,0,0.0
21,5,16,B,4,0,0.0
21,5,16,C,6,1,0.167
21,5,16,D,4,0,0.0
21,5,17,A,6,0,0.0
21,5,17,B,4,0,0.0
21,5,17,C,6,0,0.0
21,5,17,D,4,0,0.0
21,5,18,A,6,0,0.0
21,5,18,B,4,0,0.0
21,5,18,C,6,1,0.167
21,5,18,D,4,0,0.0
22,0,6,A,6,2,0.333
22,0,6,B,4,1,0.25
22,0,6,C,6,2,0.333
22,0,6,D,4,0,0.0
22,0,7,A,6,3,0.5
22,0,7,B,4,0,0.0
22,0,7,C,6,2,0.333
22,0,7,D,4,1,0.25
22,0,8,A,6,3,0.5
22,0,8,B,4,2,0.5
22,0,8,C,6,2,0.333
22,0,8,D,4,1,0.25
22,0,9,A,6,3,0.5
22,0,9,B,4,2,0.5
22,0,9,C,6,4,0.667
22,0,9,D,4,1,0.25
22,0,10,A,6,1,0.167
22,0,10,B,4,1,0.25
22,0,10,C,6,1,0.167
22,0,10,D,4,1,0.25
22,0,11,A,6,2,0.333
22,0,11,B,4,2,0.5
22,0,11,C,6,2,0.333
22,0,11,D,4,0,0.0
22,0,12,A,6,2,0.333
22,0,12,B,4,2,0.5
22,0,12,C,6,3,0.5
22,0,12,D,4,1,0.25
22,0,13,A,6,3,0.5
22,0,13,B,4,2,0.5
22,0,13,C,6,3,0.5
22,0,13,D,4,1,0.25
22,0,14,A,6,1,0.167
22,0,14,B,4,1,0.25
22,0,14,C,6,2,0.333
22,0,14,D,4,1,0.25
22,0,15,A,6,1,0.167
22,0,15,B,4,1,0.25
22,0,15,C,6,2,0.333
22,0,15,D,4,0,0.0
22,0,16,A,6,1,0.167
22,0,16,B,4,0,0.0
22,0,16,C,6,0,0.0
22,0,16,D,4,0,0.0
22,0,17,A,6,1,0.167
22,0,17,B,4,0,0.0
22,0,17,C,6,0,0.0
22,0,17,D,4,0,0.0
22,0,18,A,6,2,0.333
22,0,18,B,4,0,0.0
22,0,18,C,6,0,0.0
22,0,18,D,4,0,0.0
22,1,6,A,6,2,0.333
22,1,6,B,4,1,0.25
22,1,6,C,6,1,0.167
22,1,6,D,4,0,0.0
22,1,7,A,6,2,0.333
22,1,7,B,4,1,0.25
22,1,7,C,6,2,0.333
22,1,7,D,4,2,0.5
22,1,8,A,6,4,0.667
22,1,8,B,4,0,0.0
22,1,8,C,6,3,0.5
22,1,8,D,4,2,0.5
22,1,9,A,6,3,0.5
22,1,9,B,4,1,0.25
22,1,9,C,6,2,0.333
22,1,9,D,4,1,0.25
22,1,10,A,6,3,0.5
22,1,10,B,4,1,0.25
22,1,10,C,6,1,0.167
22,1,10,D,4,1,0.25
22,1,11,A,6,2,0.333
22,1,11,B,4,0,0.0
22,1,11,C,6,2,0.333
22,1,11,D,4,1,0.25
22,1,12,A,6,2,0.333
22,1,12,B,4,2,0.5
22,1,12,C,6,1,0.167
22,1,12,D,4,2,0.5
22,1,13,A,6,3,0.5
22,1,13,B,4,2,0.5
22,1,13,C,6,2,0.333
22,1,13,D,4,2,0.5
22,1,14,A,6,2,0.333
22,1,14,B,4,2,0.5
22,1,14,C,6,2,0.333
22,1,14,D,4,1,0.25
22,1,15,A,6,2,0.333
22,1,15,B,4,1,0.25
22,1,15,C,6,1,0.167
22,1,15,D,4,1,0.25
22,1,16,A,6,1,0.167
22,1,16,B,4,1,0.25
22,1,16,C,6,2,0.333
22,1,16,D,4,1,0.25
22,1,17,A,6,0,0.0
22,1,17,B,4,1,0.25
22,1,17,C,6,1,0.167
22,1,17,D,4,1,0.25
22,1,18,A,6,1,0.167
22,1,18,B,4,0,0.0
22,1,18,C,6,0,0.0
22,1,18,D,4,0,0.0
22,2,6,A,6,2,0.333
22,2,6,B,4,0,0.0
22,2,6,C,6,0,0.0
22,2,6,D,4,1,0.25
22,2,7,A,6,2,0.333
22,2,7,B,4,0,0.0
22,2,7,C,6,2,0.333
22,2,7,D,4,0,0.0
22,2,8,A,6,4,0.667
22,2,8,B,4,2,0.5
22,2,8,C,6,2,0.333
22,2,8,D,4,2,0.5
22,2,9,A,6,4,0.667
22,2,9,B,4,2,0.5
22,2,9,C,6,3,0.5
22,2,9,D,4,1,0.25
22,2,10,A,6,1,0.167
22,2,10,B,4,0,0.0
22,2,10,C,6,2,0.333
22,2,10,D,4,0,0.0
22,2,11,A,6,2,0.333
22,2,11,B,4,0,0.0
22,2,11,C,6,1,0.167
22,2,11,D,4,1,0.25
22,2,12,A,6,1,0.167
22,2,12,B,4,1,0.25
22,2,12,C,6,2,0.333
22,2,12,D,4,1,0.25
22,2,13,A,6,1,0.167
22,2,13,B,4,2,0.5
22,2,13,C,6,2,0.333
22,2,13,D,4,2,0.5
22,2,14,A,6,2,0.333
22,2,14,B,4,0,0.0
22,2,14,C,6,2,0.333
22,2,14,D,4,0,0.0
22,2,15,A,6,1,0.167
22,2,15,B,4,1,0.25
22,2,15,C,6,1,0.167
22,2,15,D,4,1,0.25
22,2,16,A,6,1,0.167
22,2,16,B,4,0,0.0
22,2,16,C,6,1,0.167
22,2,16,D,4,1,0.25
22,2,17,A,6,1,0.167
22,2,17,B,4,0,0.0
22,2,17,C,6,1,0.167
22,2,17,D,4,0,0.0
22,2,18,A,6,1,0.167
22,2,18,B,4,0,0.0
22,2,18,C,6,0,0.0
22,2,18,D,4,0,0.0
22,3,6,A,6,2,0.333
22,3,6,B,4,0,0.0
22,3,6,C,6,1,0.167
22,3,6,D,4,1,0.25
22,3,7,A,6,3,0.5
22,3,7,B,4,3,0.75
22,3,7,C,6,3,0.5
22,3,7,D,4,0,0.0
22,3,8,A,6,4,0.667
22,3,8,B,4,2,0.5
22,3,8,C,6,3,0.5
22,3,8,D,4,1,0.25
22,3,9,A,6,3,0.5
22,3,9,B,4,1,0.25
22,3,9,C,6,3,0.5
22,3,9,D,4,1,0.25
22,3,10,A,6,2,0.333
22,3,10,B,4,2,0.5
22,3,10,C,6,2,0.333
22,3,10,D,4,1,0.25
22,3,11,A,6,2,0.333
22,3,11,B,4,2,0.5
22,3,11,C,6,2,0.333
22,3,11,D,4,2,0.5
22,3,12,A,6,2,0.333
22,3,12,B,4,1,0.25
22,3,12,C,6,2,0.333
22,3,12,D,4,1,0.25
22,3,13,A,6,3,0.5
22,3,13,B,4,2,0.5
22,3,13,C,6,2,0.333
22,3,13,D,4,1,0.25
22,3,14,A,6,3,0.5
22,3,14,B,4,2,0.5
22,3,14,C,6,2,0.333
22,3,14,D,4,1,0.25
22,3,15,A,6,3,0.5
22,3,15,B,4,1,0.25
22,3,15,C,6,1,0.167
22,3,15,D,4,0,0.0
22,3,16,A,6,1,0.167
22,3,16,B,4,1,0.25
22,3,16,C,6,1,0.167
22,3,16,D,4,0,0.0
22,3,17,A,6,1,0.167
22,3,17,B,4,0,0.0
22,3,17,C,6,0,0.0
22,3,17,D,4,0,0.0
22,3,18,A,6,1,0.167
22,3,18,B,4,1,0.25
22,3,18,C,6,0,0.0
22,3,18,D,4,0,0.0
22,4,6,A,6,2,0.333
22,4,6,B,4,1,0.25
22,4,6,C,6,1,0.167
22,4,6,D,4,1,0.25
22,4,7,A,6,3,0.5
22,4,7,B,4,2,0.5
22,4,7,C,6,2,0.333
22,4,7,D,4,0,0.0
22,4,8,A,6,2,0.333
22,4,8,B,4,2,0.5
22,4,8,C,6,3,0.5
22,4,8,D,4,2,0.5
22,4,9,A,6,3,0.5
22,4,9,B,4,1,0.25
22,4,9,C,6,1,0.167
22,4,9,D,4,2,0.5
22,4,10,A,6,2,0.333
22,4,10,B,4,1,0.25
22,4,10,C,6,2,0.333
22,4,10,D,4,0,0.0
22,4,11,A,6,1,0.167
22,4,11,B,4,2,0.5
22,4,11,C,6,3,0.5
22,4,11,D,4,0,0.0
22,4,12,A,6,2,0.333
22,4,12,B,4,1,0.25
22,4,12,C,6,2,0.333
22,4,12,D,4,2,0.5
22,4,13,A,6,1,0.167
22,4,13,B,4,1,0.25
22,4,13,C,6,2,0.333
22,4,13,D,4,1,0.25
22,4,14,A,6,2,0.333
22,4,14,B,4,0,0.0
22,4,14,C,6,2,0.333
22,4,14,D,4,1,0.25
22,4,15,A,6,1,0.167
22,4,15,B,4,1,0.25
22,4,15,C,6,1,0.167
22,4,15,D,4,0,0.0
22,4,16,A,6,1,0.167
22,4,16,B,4,0,0.0
22,4,16,C,6,2,0.333
22,4,16,D,4,1,0.25
22,4,17,A,6,0,0.0
22,4,17,B,4,0,0.0
22,4,17,C,6,1,0.167
22,4,17,D,4,1,0.25
22,4,18,A,6,1,0.167
22,4,18,B,4,1,0.25
22,4,18,C,6,0,0.0
22,4,18,D,4,0,0.0
22,5,6,A,6,0,0.0
22,5,6,B,4,0,0.0
22,5,6,C,6,0,0.0
22,5,6,D,4,0,0.0
22,5,7,A,6,0,0.0
22,5,7,B,4,0,0.0
22,5,7,C,6,1,0.167
22,5,7,D,4,0,0.0
22,5,8,A,6,2,0.333
22,5,8,B,4,0,0.0
22,5,8,C,6,0,0.0
22,5,8,D,4,1,0.25
22,5,9,A,6,2,0.333
22,5,9,B,4,0,0.0
22,5,9,C,6,1,0.167
22,5,9,D,4,0,0.0
22,5,10,A,6,1,0.167
22,5,10,B,4,1,0.25
22,5,10,C,6,0,0.0
22,5,10,D,4,1,0.25
22,5,11,A,6,0,0.0
22,5,11,B,4,0,0.0
22,5,11,C,6,0,0.0
22,5,11,D,4,1,0.25
22,5,12,A,6,0,0.0
22,5,12,B,4,0,0.0
22,5,12,C,6,0,0.0
22,5,12,D,4,0,0.0
22,5,13,A,6,0,0.0
22,5,13,B,4,0,0.0
22,5,13,C,6,1,0.167
22,5,13,D,4,0,0.0
22,5,14,A,6,2,0.333
22,5,14,B,4,1,0.25
22,5,14,C,6,1,0.167
22,5,14,D,4,0,0.0
22,5,15,A,6,1,0.167
22,5,15,B,4,1,0.25
22,5,15,C,6,1,0.167
22,5,15,D,4,0,0.0
22,5,16,A,6,0,0.0
22,5,16,B,4,0,0.0
22,5,16,C,6,0,0.0
22,5,16,D,4,0,0.0
22,5,17,A,6,0,0.0
22,5,17,B,4,0,0.0
22,5,17,C,6,0,0.0
22,5,17,D,4,0,0.0
22,5,18,A,6,0,0.0
22,5,18,B,4,0,0.0
22,5,18,C,6,0,0.0
22,5,18,D,4,0,0.0
23,0,6,A,6,2,0.333
23,0,6,B,4,1,0.25
23,0,6,C,6,0,0.0
23,0,6,D,4,1,0.25
23,0,7,A,6,3,0.5
23,0,7,B,4,1,0.25
23,0,7,C,6,2,0.333
23,0,7,D,4,2,0.5
23,0,8,A,6,4,0.667
23,0,8,B,4,1,0.25
23,0,8,C,6,2,0.333
23,0,8,D,4,1,0.25
23,0,9,A,6,3,0.5
23,0,9,B,4,1,0.25
23,0,9,C,6,1,0.167
23,0,9,D,4,1,0.25
23,0,10,A,6,2,0.333
23,0,10,B,4,1,0.25
23,0,10,C,6,2,0.333
23,0,10,D,4,1,0.25
23,0,11,A,6,1,0.167
23,0,11,B,4,1,0.25
23,0,11,C,6,0,0.0
23,0,11,D,4,0,0.0
23,0,12,A,6,2,0.333
23,0,12,B,4,1,0.25
23,0,12,C,6,1,0.167
23,0,12,D,4,1,0.25
23,0,13,A,6,3,0.5
23,0,13,B,4,1,0.25
23,0,13,C,6,2,0.333
23,0,13,D,4,2,0.5
23,0,14,A,6,2,0.333
23,0,14,B,4,1,0.25
23,0,14,C,6,2,0.333
23,0,14,D,4,0,0.0
23,0,15,A,6,2,0.333
23,0,15,B,4,1,0.25
23,0,15,C,6,2,0.333
23,0,15,D,4,0,0.0
23,0,16,A,6,2,0.333
23,0,16,B,4,0,0.0
23,0,16,C,6,0,0.0
23,0,16,D,4,0,0.0
23,0,17,A,6,0,0.0
23,0,17,B,4,0,0.0
23,0,17,C,6,0,0.0
23,0,17,D,4,0,0.0
23,0,18,A,6,0,0.0
23,0,18,B,4,0,0.0
23,0,18,C,6,1,0.167
23,0,18,D,4,1,0.25
23,1,6,A,6,2,0.333
23,1,6,B,4,1,0.25
23,1,6,C,6,0,0.0
23,1,6,D,4,1,0.25
23,1,7,A,6,2,0.333
23,1,7,B,4,1,0.25
23,1,7,C,6,2,0.333
23,1,7,D,4,1,0.25
23,1,8,A,6,2,0.333
23,1,8,B,4,2,0.5
23,1,8,C,6,3,0.5
23,1,8,D,4,2,0.5
23,1,9,A,6,2,0.333
23,1,9,B,4,1,0.25
23,1,9,C,6,3,0.5
23,1,9,D,4,1,0.25
23,1,10,A,6,2,0.333
23,1,10,B,4,1,0.25
23,1,10,C,6,2,0.333
23,1,10,D,4,0,0.0
23,1,11,A,6,4,0.667
23,1,11,B,4,1,0.25
23,1,11,C,6,2,0.333
23,1,11,D,4,1,0.25
23,1,12,A,6,3,0.5
23,1,12,B,4,0,0.0
23,1,12,C,6,2,0.333
23,1,12,D,4,1,0.25
23,1,13,A,6,2,0.333
23,1,13,B,4,2,0.5
23,1,13,C,6,2,0.333
23,1,13,D,4,1,0.25
23,1,14,A,6,3,0.5
23,1,14,B,4,1,0.25
23,1,14,C,6,2,0.333
23,1,14,D,4,1,0.25
23,1,15,A,6,2,0.333
23,1,15,B,4,1,0.25
23,1,15,C,6,1,0.167
23,1,15,D,4,2,0.5
23,1,16,A,6,2,0.333
23,1,16,B,4,2,0.5
23,1,16,C,6,1,0.167
23,1,16,D,4,0,0.0
23,1,17,A,6,1,0.167
23,1,17,B,4,0,0.0
23,1,17,C,6,1,0.167
23,1,17,D,4,0,0.0
23,1,18,A,6,1,0.167
23,1,18,B,4,0,0.0
23,1,18,C,6,0,0.0
23,1,18,D,4,0,0.0
23,2,6,A,6,1,0.167
23,2,6,B,4,0,0.0
23,2,6,C,6,2,0.333
23,2,6,D,4,2,0.5
23,2,7,A,6,3,0.5
23,2,7,B,4,1,0.25
23,2,7,C,6,1,0.167
23,2,7,D,4,1,0.25
23,2,8,A,6,4,0.667
23,2,8,B,4,1,0.25
23,2,8,C,6,2,0.333
23,2,8,D,4,2,0.5
23,2,9,A,6,2,0.333
23,2,9,B,4,0,0.0
23,2,9,C,6,2,0.333
23,2,9,D,4,2,0.5
23,2,10,A,6,1,0.167
23,2,10,B,4,1,0.25
23,2,10,C,6,2,0.333
23,2,10,D,4,0,0.0
23,2,11,A,6,2,0.333
23,2,11,B,4,2,0.5
23,2,11,C,6,1,0.167
23,2,11,D,4,1,0.25
23,2,12,A,6,2,0.333
23,2,12,B,4,2,0.5
23,2,12,C,6,2,0.333
23,2,12,D,4,1,0.25
23,2,13,A,6,3,0.5
23,2,13,B,4,1,0.25
23,2,13,C,6,3,0.5
23,2,13,D,4,2,0.5
23,2,14,A,6,3,0.5
23,2,14,B,4,2,0.5
23,2,14,C,6,2,0.333
23,2,14,D,4,1,0.25
23,2,15,A,6,2,0.333
23,2,15,B,4,0,0.0
23,2,15,C,6,1,0.167
23,2,15,D,4,1,0.25
23,2,16,A,6,2,0.333
23,2,16,B,4,0,0.0
23,2,16,C,6,1,0.167
23,2,16,D,4,0,0.0
23,2,17,A,6,0,0.0
23,2,17,B,4,0,0.0
23,2,17,C,6,0,0.0
23,2,17,D,4,0,0.0
23,2,18,A,6,1,0.167
23,2,18,B,4,0,0.0
23,2,18,C,6,0,0.0
23,2,18,D,4,0,0.0
23,3,6,A,6,2,0.333
23,3,6,B,4,1,0.25
23,3,6,C,6,0,0.0
23,3,6,D,4,1,0.25
23,3,7,A,6,2,0.333
23,3,7,B,4,1,0.25
23,3,7,C,6,2,0.333
23,3,7,D,4,1,0.25
23,3,8,A,6,4,0.667
23,3,8,B,4,2,0.5
23,3,8,C,6,4,0.667
23,3,8,D,4,2,0.5
23,3,9,A,6,3,0.5
23,3,9,B,4,1,0.25
23,3,9,C,6,2,0.333
23,3,9,D,4,0,0.0
23,3,10,A,6,3,0.5
23,3,10,B,4,0,0.0
23,3,10,C,6,2,0.333
23,3,10,D,4,1,0.25
23,3,11,A,6,2,0.333
23,3,11,B,4,1,0.25
23,3,11,C,6,1,0.167
23,3,11,D,4,1,0.25
23,3,12,A,6,2,0.333
23,3,12,B,4,1,0.25
23,3,12,C,6,2,0.333
23,3,12,D,4,1,0.25
23,3,13,A,6,3,0.5
23,3,13,B,4,2,0.5
23,3,13,C,6,2,0.333
23,3,13,D,4,2,0.5
23,3,14,A,6,2,0.333
23,3,14,B,4,2,0.5
23,3,14,C,6,2,0.333
23,3,14,D,4,1,0.25
23,3,15,A,6,1,0.167
23,3,15,B,4,2,0.5
23,3,15,C,6,1,0.167
23,3,15,D,4,1,0.25
23,3,16,A,6,2,0.333
23,3,16,B,4,1,0.25
23,3,16,C,6,1,0.167
23,3,16,D,4,0,0.0
23,3,17,A,6,1,0.167
23,3,17,B,4,0,0.0
23,3,17,C,6,0,0.0
23,3,17,D,4,0,0.0
23,3,18,A,6,1,0.167
23,3,18,B,4,0,0.0
23,3,18,C,6,0,0.0
23,3,18,D,4,0,0.0
23,4,6,A,6,2,0.333
23,4,6,B,4,1,0.25
23,4,6,C,6,0,0.0
23,4,6,D,4,1,0.25
23,4,7,A,6,3,0.5
23,4,7,B,4,1,0.25
23,4,7,C,6,2,0.333
23,4,7,D,4,1,0.25
23,4,8,A,6,2,0.333
23,4,8,B,4,2,0.5
23,4,8,C,6,1,0.167
23,4,8,D,4,1,0.25
23,4,9,A,6,2,0.333
23,4,9,B,4,2,0.5
23,4,9,C,6,2,0.333
23,4,9,D,4,1,0.25
23,4,10,A,6,2,0.333
23,4,10,B,4,1,0.25
23,4,10,C,6,2,0.333
23,4,10,D,4,1,0.25
23,4,11,A,6,1,0.167
23,4,11,B,4,1,0.25
23,4,11,C,6,3,0.5
23,4,11,D,4,0,0.0
23,4,12,A,6,2,0.333
23,4,12,B,4,2,0.5
23,4,12,C,6,2,0.333
23,4,12,D,4,0,0.0
23,4,13,A,6,2,0.333
23,4,13,B,4,1,0.25
23,4,13,C,6,3,0.5
23,4,13,D,4,0,0.0
23,4,14,A,6,2,0.333
23,4,14,B,4,1,0.25
23,4,14,C,6,2,0.333
23,4,14,D,4,1,0.25
23,4,15,A,6,1,0.167
23,4,15,B,4,1,0.25
23,4,15,C,6,1,0.167
23,4,15,D,4,1,0.25
23,4,16,A,6,0,0.0
23,4,16,B,4,0,0.0
23,4,16,C,6,0,0.0
23,4,16,D,4,0,0.0
23,4,17,A,6,1,0.167
23,4,17,B,4,0,0.0
23,4,17,C,6,0,0.0
23,4,17,D,4,0,0.0
23,4,18,A,6,0,0.0
23,4,18,B,4,0,0.0
23,4,18,C,6,0,0.0
23,4,18,D,4,0,0.0
23,5,6,A,6,0,0.0
23,5,6,B,4,0,0.0
23,5,6,C,6,0,0.0
23,5,6,D,4,0,0.0
23,5,7,A,6,1,0.167
23,5,7,B,4,0,0.0
23,5,7,C,6,0,0.0
23,5,7,D,4,0,0.0
23,5,8,A,6,2,0.333
23,5,8,B,4,0,0.0
23,5,8,C,6,1,0.167
23,5,8,D,4,0,0.0
23,5,9,A,6,1,0.167
23,5,9,B,4,0,0.0
23,5,9,C,6,0,0.0
23,5,9,D,4,0,0.0
23,5,10,A,6,0,0.0
23,5,10,B,4,0,0.0
23,5,10,C,6,0,0.0
23,5,10,D,4,0,0.0
23,5,11,A,6,0,0.0
23,5,11,B,4,0,0.0
23,5,11,C,6,0,0.0
23,5,11,D,4,0,0.0
23,5,12,A,6,1,0.167
23,5,12,B,4,0,0.0
23,5,12,C,6,0,0.0
23,5,12,D,4,0,0.0
23,5,13,A,6,1,0.167
23,5,13,B,4,0,0.0
23,5,13,C,6,1,0.167
23,5,13,D,4,0,0.0
23,5,14,A,6,0,0.0
23,5,14,B,4,0,0.0
23,5,14,C,6,0,0.0
23,5,14,D,4,0,0.0
23,5,15,A,6,1,0.167
23,5,15,B,4,0,0.0
23,5,15,C,6,0,0.0
23,5,15,D,4,0,0.0
23,5,16,A,6,1,0.167
23,5,16,B,4,0,0.0
23,5,16,C,6,0,0.0
23,5,16,D,4,0,0.0
23,5,17,A,6,0,0.0
23,5,17,B,4,0,0.0
23,5,17,C,6,0,0.0
23,5,17,D,4,0,0.0
23,5,18,A,6,0,0.0
23,5,18,B,4,0,0.0
23,5,18,C,6,0,0.0
23,5,18,D,4,0,0.0
24,0,6,A,6,2,0.333
24,0,6,B,4,0,0.0
24,0,6,C,6,0,0.0
24,0,6,D,4,0,0.0
24,0,7,A,6,2,0.333
24,0,7,B,4,2,0.5
24,0,7,C,6,2,0.333
24,0,7,D,4,1,0.25
24,0,8,A,6,4,0.667
24,0,8,B,4,2,0.5
24,0,8,C,6,4,0.667
24,0,8,D,4,1,0.25
24,0,9,A,6,4,0.667
24,0,9,B,4,2,0.5
24,0,9,C,6,3,0.5
24,0,9,D,4,1,0.25
24,0,10,A,6,2,0.333
24,0,10,B,4,1,0.25
24,0,10,C,6,0,0.0
24,0,10,D,4,1,0.25
24,0,11,A,6,4,0.667
24,0,11,B,4,1,0.25
24,0,11,C,6,2,0.333
24,0,11,D,4,1,0.25
24,0,12,A,6,1,0.167
24,0,12,B,4,1,0.25
24,0,12,C,6,2,0.333
24,0,12,D,4,2,0.5
24,0,13,A,6,3,0.5
24,0,13,B,4,2,0.5
24,0,13,C,6,3,0.5
24,0,13,D,4,2,0.5
24,0,14,A,6,3,0.5
24,0,14,B,4,2,0.5
24,0,14,C,6,2,0.333
24,0,14,D,4,2,0.5
24,0,15,A,6,1,0.167
24,0,15,B,4,1,0.25
24,0,15,C,6,2,0.333
24,0,15,D,4,0,0.0
24,0,16,A,6,1,0.167
24,0,16,B,4,0,0.0
24,0,16,C,6,1,0.167
24,0,16,D,4,0,0.0
24,0,17,A,6,0,0.0
24,0,17,B,4,0,0.0
24,0,17,C,6,0,0.0
24,0,17,D,4,0,0.0
24,0,18,A,6,1,0.167
24,0,18,B,4,1,0.25
24,0,18,C,6,0,0.0
24,0,18,D,4,0,0.0
24,1,6,A,6,1,0.167
24,1,6,B,4,1,0.25
24,1,6,C,6,1,0.167
24,1,6,D,4,1,0.25
24,1,7,A,6,2,0.333
24,1,7,B,4,2,0.5
24,1,7,C,6,3,0.5
24,1,7,D,4,1,0.25
24,1,8,A,6,4,0.667
24,1,8,B,4,2,0.5
24,1,8,C,6,2,0.333
24,1,8,D,4,2,0.5
24,1,9,A,6,2,0.333
24,1,9,B,4,1,0.25
24,1,9,C,6,1,0.167
24,1,9,D,4,1,0.25
24,1,10,A,6,2,0.333
24,1,10,B,4,0,0.0
24,1,10,C,6,2,0.333
24,1,10,D,4,0,0.0
24,1,11,A,6,2,0.333
24,1,11,B,4,0,0.0
24,1,11,C,6,2,0.333
24,1,11,D,4,1,0.25
24,1,12,A,6,3,0.5
24,1,12,B,4,2,0.5
24,1,12,C,6,2,0.333
24,1,12,D,4,1,0.25
24,1,13,A,6,2,0.333
24,1,13,B,4,2,0.5
24,1,13,C,6,2,0.333
24,1,13,D,4,0,0.0
24,1,14,A,6,3,0.5
24,1,14,B,4,2,0.5
24,1,14,C,6,2,0.333
24,1,14,D,4,1,0.25
24,1,15,A,6,2,0.333
24,1,15,B,4,1,0.25
24,1,15,C,6,1,0.167
24,1,15,D,4,0,0.0
24,1,16,A,6,2,0.333
24,1,16,B,4,1,0.25
24,1,16,C,6,1,0.167
24,1,16,D,4,0,0.0
24,1,17,A,6,1,0.167
24,1,17,B,4,1,0.25
24,1,17,C,6,0,0.0
24,1,17,D,4,0,0.0
24,1,18,A,6,1,0.167
24,1,18,B,4,1,0.25
24,1,18,C,6,1,0.167
24,1,18,D,4,0,0.0
24,2,6,A,6,2,0.333
24,2,6,B,4,0,0.0
24,2,6,C,6,1,0.167
24,2,6,D,4,1,0.25
24,2,7,A,6,3,0.5
24,2,7,B,4,1,0.25
24,2,7,C,6,3,0.5
24,2,7,D,4,1,0.25
24,2,8,A,6,4,0.667
24,2,8,B,4,1,0.25
24,2,8,C,6,3,0.5
24,2,8,D,4,1,0.25
24,2,9,A,6,2,0.333
24,2,9,B,4,1,0.25
24,2,9,C,6,2,0.333
24,2,9,D,4,1,0.25
24,2,10,A,6,2,0.333
24,2,10,B,4,1,0.25
24,2,10,C,6,2,0.333
24,2,10,D,4,1,0.25
24,2,11,A,6,1,0.167
24,2,11,B,4,1,0.25
24,2,11,C,6,2,0.333
24,2,11,D,4,2,0.5
24,2,12,A,6,3,0.5
24,2,12,B,4,1,0.25
24,2,12,C,6,2,0.333
24,2,12,D,4,1,0.25
24,2,13,A,6,4,0.667
24,2,13,B,4,2,0.5
24,2,13,C,6,2,0.333
24,2,13,D,4,2,0.5
24,2,14,A,6,2,0.333
24,2,14,B,4,2,0.5
24,2,14,C,6,3,0.5
24,2,14,D,4,1,0.25
24,2,15,A,6,2,0.333
24,2,15,B,4,2,0.5
24,2,15,C,6,2,0.333
24,2,15,D,4,0,0.0
24,2,16,A,6,2,0.333
24,2,16,B,4,0,0.0
24,2,16,C,6,1,0.167
24,2,16,D,4,0,0.0
24,2,17,A,6,2,0.333
24,2,17,B,4,0,0.0
24,2,17,C,6,1,0.167
24,2,17,D,4,0,0.0
24,2,18,A,6,1,0.167
24,2,18,B,4,1,0.25
24,2,18,C,6,0,0.0
24,2,18,D,4,1,0.25
24,3,6,A,6,1,0.167
24,3,6,B,4,0,0.0
24,3,6,C,6,2,0.333
24,3,6,D,4,1,0.25
24,3,7,A,6,3,0.5
24,3,7,B,4,2,0.5
24,3,7,C,6,2,0.333
24,3,7,D,4,1,0.25
24,3,8,A,6,3,0.5
24,3,8,B,4,1,0.25
24,3,8,C,6,3,0.5
24,3,8,D,4,1,0.25
24,3,9,A,6,3,0.5
24,3,9,B,4,2,0.5
24,3,9,C,6,2,0.333
24,3,9,D,4,1,0.25
24,3,10,A,6,4,0.667
24,3,10,B,4,0,0.0
24,3,10,C,6,1,0.167
24,3,10,D,4,2,0.5
24,3,11,A,6,3,0.5
24,3,11,B,4,0,0.0
24,3,11,C,6,2,0.333
24,3,11,D,4,1,0.25
24,3,12,A,6,2,0.333
24,3,12,B,4,2,0.5
24,3,12,C,6,3,0.5
24,3,12,D,4,1,0.25
24,3,13,A,6,4,0.667
24,3,13,B,4,1,0.25
24,3,13,C,6,3,0.5
24,3,13,D,4,1,0.25
24,3,14,A,6,3,0.5
24,3,14,B,4,1,0.25
24,3,14,C,6,3,0.5
24,3,14,D,4,2,0.5
24,3,15,A,6,2,0.333
24,3,15,B,4,1,0.25
24,3,15,C,6,2,0.333
24,3,15,D,4,0,0.0
24,3,16,A,6,2,0.333
24,3,16,B,4,1,0.25
24,3,16,C,6,0,0.0
24,3,16,D,4,0,0.0
24,3,17,A,6,1,0.167
24,3,17,B,4,0,0.0
24,3,17,C,6,2,0.333
24,3,17,D,4,0,0.0
24,3,18,A,6,1,0.167
24,3,18,B,4,0,0.0
24,3,18,C,6,1,0.167
24,3,18,D,4,0,0.0
24,4,6,A,6,1,0.167
24,4,6,B,4,0,0.0
24,4,6,C,6,1,0.167
24,4,6,D,4,1,0.25
24,4,7,A,6,1,0.167
24,4,7,B,4,0,0.0
24,4,7,C,6,2,0.333
24,4,7,D,4,1,0.25
24,4,8,A,6,2,0.333
24,4,8,B,4,1,0.25
24,4,8,C,6,2,0.333
24,4,8,D,4,1,0.25
24,4,9,A,6,1,0.167
24,4,9,B,4,1,0.25
24,4,9,C,6,1,0.167
24,4,9,D,4,2,0.5
24,4,10,A,6,1,0.167
24,4,10,B,4,0,0.0
24,4,10,C,6,0,0.0
24,4,10,D,4,0,0.0
24,4,11,A,6,1,0.167
24,4,11,B,4,0,0.0
24,4,11,C,6,2,0.333
24,4,11,D,4,1,0.25
24,4,12,A,6,2,0.333
24,4,12,B,4,1,0.25
24,4,12,C,6,2,0.333
24,4,12,D,4,1,0.25
24,4,13,A,6,2,0.333
24,4,13,B,4,0,0.0
24,4,13,C,6,2,0.333
24,4,13,D,4,2,0.5
24,4,14,A,6,2,0.333
24,4,14,B,4,1,0.25
24,4,14,C,6,2,0.333
24,4,14,D,4,1,0.25
24,4,15,A,6,1,0.167
24,4,15,B,4,2,0.5
24,4,15,C,6,2,0.333
24,4,15,D,4,0,0.0
24,4,16,A,6,0,0.0
24,4,16,B,4,0,0.0
24,4,16,C,6,0,0.0
24,4,16,D,4,1,0.25
24,4,17,A,6,0,0.0
24,4,17,B,4,0,0.0
24,4,17,C,6,0,0.0
24,4,17,D,4,0,0.0
24,4,18,A,6,2,0.333
24,4,18,B,4,0,0.0
24,4,18,C,6,0,0.0
24,4,18,D,4,0,0.0
24,5,6,A,6,1,0.167
24,5,6,B,4,0,0.0
24,5,6,C,6,0,0.0
24,5,6,D,4,0,0.0
24,5,7,A,6,1,0.167
24,5,7,B,4,0,0.0
24,5,7,C,6,0,0.0
24,5,7,D,4,0,0.0
24,5,8,A,6,0,0.0
24,5,8,B,4,0,0.0
24,5,8,C,6,1,0.167
24,5,8,D,4,0,0.0
24,5,9,A,6,1,0.167
24,5,9,B,4,0,0.0
24,5,9,C,6,1,0.167
24,5,9,D,4,0,0.0
24,5,10,A,6,1,0.167
24,5,10,B,4,0,0.0
24,5,10,C,6,1,0.167
24,5,10,D,4,0,0.0
24,5,11,A,6,1,0.167
24,5,11,B,4,0,0.0
24,5,11,C,6,0,0.0
24,5,11,D,4,0,0.0
24,5,12,A,6,1,0.167
24,5,12,B,4,0,0.0
24,5,12,C,6,0,0.0
24,5,12,D,4,0,0.0
24,5,13,A,6,2,0.333
24,5,13,B,4,1,0.25
24,5,13,C,6,0,0.0
24,5,13,D,4,0,0.0
24,5,14,A,6,1,0.167
24,5,14,B,4,0,0.0
24,5,14,C,6,0,0.0
24,5,14,D,4,0,0.0
24,5,15,A,6,0,0.0
24,5,15,B,4,0,0.0
24,5,15,C,6,0,0.0
24,5,15,D,4,0,0.0
24,5,16,A,6,1,0.167
24,5,16,B,4,0,0.0
24,5,16,C,6,0,0.0
24,5,16,D,4,0,0.0
24,5,17,A,6,0,0.0
24,5,17,B,4,0,0.0
24,5,17,C,6,0,0.0
24,5,17,D,4,0,0.0
24,5,18,A,6,1,0.167
24,5,18,B,4,1,0.25
24,5,18,C,6,1,0.167
24,5,18,D,4,0,0.0
25,0,6,A,6,2,0.333
25,0,6,B,4,1,0.25
25,0,6,C,6,0,0.0
25,0,6,D,4,0,0.0
25,0,7,A,6,2,0.333
25,0,7,B,4,1,0.25
25,0,7,C,6,2,0.333
25,0,7,D,4,1,0.25
25,0,8,A,6,3,0.5
25,0,8,B,4,2,0.5
25,0,8,C,6,2,0.333
25,0,8,D,4,1,0.25
25,0,9,A,6,2,0.333
25,0,9,B,4,1,0.25
25,0,9,C,6,2,0.333
25,0,9,D,4,1,0.25
25,0,10,A,6,2,0.333
25,0,10,B,4,0,0.0
25,0,10,C,6,2,0.333
25,0,10,D,4,0,0.0
25,0,11,A,6,3,0.5
25,0,11,B,4,0,0.0
25,0,11,C,6,1,0.167
25,0,11,D,4,0,0.0
25,0,12,A,6,2,0.333
25,0,12,B,4,2,0.5
25,0,12,C,6,2,0.333
25,0,12,D,4,1,0.25
25,0,13,A,6,2,0.333
25,0,13,B,4,1,0.25
25,0,13,C,6,3,0.5
25,0,13,D,4,0,0.0
25,0,14,A,6,2,0.333
25,0,14,B,4,2,0.5
25,0,14,C,6,2,0.333
25,0,14,D,4,1,0.25
25,0,15,A,6,2,0.333
25,0,15,B,4,1,0.25
25,0,15,C,6,0,0.0
25,0,15,D,4,0,0.0
25,0,16,A,6,2,0.333
25,0,16,B,4,1,0.25
25,0,16,C,6,2,0.333
25,0,16,D,4,0,0.0
25,0,17,A,6,0,0.0
25,0,17,B,4,1,0.25
25,0,17,C,6,0,0.0
25,0,17,D,4,0,0.0
25,0,18,A,6,2,0.333
25,0,18,B,4,0,0.0
25,0,18,C,6,1,0.167
25,0,18,D,4,1,0.25
25,1,6,A,6,2,0.333
25,1,6,B,4,1,0.25
25,1,6,C,6,2,0.333
25,1,6,D,4,1,0.25
25,1,7,A,6,2,0.333
25,1,7,B,4,0,0.0
25,1,7,C,6,2,0.333
25,1,7,D,4,1,0.25
25,1,8,A,6,3,0.5
25,1,8,B,4,1,0.25
25,1,8,C,6,2,0.333
25,1,8,D,4,1,0.25
25,1,9,A,6,4,0.667
25,1,9,B,4,2,0.5
25,1,9,C,6,2,0.333
25,1,9,D,4,0,0.0
25,1,10,A,6,2,0.333
25,1,10,B,4,1,0.25
25,1,10,C,6,1,0.167
25,1,10,D,4,0,0.0
25,1,11,A,6,2,0.333
25,1,11,B,4,2,0.5
25,1,11,C,6,2,0.333
25,1,11,D,4,1,0.25
25,1,12,A,6,2,0.333
25,1,12,B,4,1,0.25
25,1,12,C,6,2,0.333
25,1,12,D,4,1,0.25
25,1,13,A,6,4,0.667
25,1,13,B,4,2,0.5
25,1,13,C,6,2,0.333
25,1,13,D,4,1,0.25
25,1,14,A,6,2,0.333
25,1,14,B,4,2,0.5
25,1,14,C,6,2,0.333
25,1,14,D,4,1,0.25
25,1,15,A,6,2,0.333
25,1,15,B,4,1,0.25
25,1,15,C,6,1,0.167
25,1,15,D,4,1,0.25
25,1,16,A,6,1,0.167
25,1,16,B,4,1,0.25
25,1,16,C,6,2,0.333
25,1,16,D,4,1,0.25
25,1,17,A,6,1,0.167
25,1,17,B,4,0,0.0
25,1,17,C,6,1,0.167
25,1,17,D,4,0,0.0
25,1,18,A,6,2,0.333
25,1,18,B,4,1,0.25
25,1,18,C,6,1,0.167
25,1,18,D,4,0,0.0
25,2,6,A,6,2,0.333
25,2,6,B,4,1,0.25
25,2,6,C,6,0,0.0
25,2,6,D,4,0,0.0
25,2,7,A,6,2,0.333
25,2,7,B,4,1,0.25
25,2,7,C,6,1,0.167
25,2,7,D,4,1,0.25
25,2,8,A,6,4,0.667
25,2,8,B,4,2,0.5
25,2,8,C,6,2,0.333
25,2,8,D,4,1,0.25
25,2,9,A,6,3,0.5
25,2,9,B,4,1,0.25
25,2,9,C,6,2,0.333
25,2,9,D,4,1,0.25
25,2,10,A,6,2,0.333
25,2,10,B,4,1,0.25
25,2,10,C,6,2,0.333
25,2,10,D,4,0,0.0
25,2,11,A,6,2,0.333
25,2,11,B,4,0,0.0
25,2,11,C,6,1,0.167
25,2,11,D,4,0,0.0
25,2,12,A,6,3,0.5
25,2,12,B,4,1,0.25
25,2,12,C,6,1,0.167
25,2,12,D,4,0,0.0
25,2,13,A,6,3,0.5
25,2,13,B,4,2,0.5
25,2,13,C,6,2,0.333
25,2,13,D,4,1,0.25
25,2,14,A,6,2,0.333
25,2,14,B,4,0,0.0
25,2,14,C,6,1,0.167
25,2,14,D,4,1,0.25
25,2,15,A,6,2,0.333
25,2,15,B,4,1,0.25
25,2,15,C,6,1,0.167
25,2,15,D,4,1,0.25
25,2,16,A,6,3,0.5
25,2,16,B,4,1,0.25
25,2,16,C,6,1,0.167
25,2,16,D,4,1,0.25
25,2,17,A,6,2,0.333
25,2,17,B,4,1,0.25
25,2,17,C,6,0,0.0
25,2,17,D,4,0,0.0
25,2,18,A,6,1,0.167
25,2,18,B,4,0,0.0
25,2,18,C,6,0,0.0
25,2,18,D,4,0,0.0
25,3,6,A,6,2,0.333
25,3,6,B,4,0,0.0
25,3,6,C,6,1,0.167
25,3,6,D,4,0,0.0
25,3,7,A,6,3,0.5
25,3,7,B,4,0,0.0
25,3,7,C,6,2,0.333
25,3,7,D,4,1,0.25
25,3,8,A,6,4,0.667
25,3,8,B,4,2,0.5
25,3,8,C,6,3,0.5
25,3,8,D,4,1,0.25
25,3,9,A,6,2,0.333
25,3,9,B,4,2,0.5
25,3,9,C,6,2,0.333
25,3,9,D,4,1,0.25
25,3,10,A,6,2,0.333
25,3,10,B,4,0,0.0
25,3,10,C,6,2,0.333
25,3,10,D,4,1,0.25
25,3,11,A,6,2,0.333
25,3,11,B,4,2,0.5
25,3,11,C,6,2,0.333
25,3,11,D,4,1,0.25
25,3,12,A,6,2,0.333
25,3,12,B,4,0,0.0
25,3,12,C,6,2,0.333
25,3,12,D,4,1,0.25
25,3,13,A,6,3,0.5
25,3,13,B,4,2,0.5
25,3,13,C,6,1,0.167
25,3,13,D,4,1,0.25
25,3,14,A,6,2,0.333
25,3,14,B,4,1,0.25
25,3,14,C,6,1,0.167
25,3,14,D,4,1,0.25
25,3,15,A,6,3,0.5
25,3,15,B,4,2,0.5
25,3,15,C,6,2,0.333
25,3,15,D,4,1,0.25
25,3,16,A,6,1,0.167
25,3,16,B,4,0,0.0
25,3,16,C,6,2,0.333
25,3,16,D,4,0,0.0
25,3,17,A,6,0,0.0
25,3,17,B,4,0,0.0
25,3,17,C,6,2,0.333
25,3,17,D,4,0,0.0
25,3,18,A,6,1,0.167
25,3,18,B,4,0,0.0
25,3,18,C,6,1,0.167
25,3,18,D,4,0,0.0
25,4,6,A,6,0,0.0
25,4,6,B,4,1,0.25
25,4,6,C,6,1,0.167
25,4,6,D,4,0,0.0
25,4,7,A,6,3,0.5
25,4,7,B,4,1,0.25
25,4,7,C,6,1,0.167
25,4,7,D,4,0,0.0
25,4,8,A,6,4,0.667
25,4,8,B,4,1,0.25
25,4,8,C,6,2,0.333
25,4,8,D,4,1,0.25
25,4,9,A,6,4,0.667
25,4,9,B,4,1,0.25
25,4,9,C,6,2,0.333
25,4,9,D,4,1,0.25
25,4,10,A,6,2,0.333
25,4,10,B,4,1,0.25
25,4,10,C,6,2,0.333
25,4,10,D,4,1,0.25
25,4,11,A,6,2,0.333
25,4,11,B,4,1,0.25
25,4,11,C,6,2,0.333
25,4,11,D,4,0,0.0
25,4,12,A,6,2,0.333
25,4,12,B,4,1,0.25
25,4,12,C,6,2,0.333
25,4,12,D,4,0,0.0
25,4,13,A,6,2,0.333
25,4,13,B,4,1,0.25
25,4,13,C,6,2,0.333
25,4,13,D,4,1,0.25
25,4,14,A,6,2,0.333
25,4,14,B,4,2,0.5
25,4,14,C,6,1,0.167
25,4,14,D,4,0,0.0
25,4,15,A,6,2,0.333
25,4,15,B,4,1,0.25
25,4,15,C,6,1,0.167
25,4,15,D,4,1,0.25
25,4,16,A,6,1,0.167
25,4,16,B,4,0,0.0
25,4,16,C,6,2,0.333
25,4,16,D,4,0,0.0
25,4,17,A,6,1,0.167
25,4,17,B,4,1,0.25
25,4,17,C,6,1,0.167
25,4,17,D,4,0,0.0
25,4,18,A,6,0,0.0
25,4,18,B,4,1,0.25
25,4,18,C,6,0,0.0
25,4,18,D,4,0,0.0
25,5,6,A,6,1,0.167
25,5,6,B,4,0,0.0
25,5,6,C,6,1,0.167
25,5,6,D,4,0,0.0
25,5,7,A,6,2,0.333
25,5,7,B,4,0,0.0
25,5,7,C,6,0,0.0
25,5,7,D,4,0,0.0
25,5,8,A,6,1,0.167
25,5,8,B,4,0,0.0
25,5,8,C,6,2,0.333
25,5,8,D,4,0,0.0
25,5,9,A,6,1,0.167
25,5,9,B,4,2,0.5
25,5,9,C,6,0,0.0
25,5,9,D,4,1,0.25
25,5,10,A,6,2,0.333
25,5,10,B,4,0,0.0
25,5,10,C,6,0,0.0
25,5,10,D,4,0,0.0
25,5,11,A,6,1,0.167
25,5,11,B,4,0,0.0
25,5,11,C,6,0,0.0
25,5,11,D,4,1,0.25
25,5,12,A,6,1,0.167
25,5,12,B,4,1,0.25
25,5,12,C,6,2,0.333
25,5,12,D,4,0,0.0
25,5,13,A,6,0,0.0
25,5,13,B,4,1,0.25
25,5,13,C,6,2,0.333
25,5,13,D,4,0,0.0
25,5,14,A,6,1,0.167
25,5,14,B,4,0,0.0
25,5,14,C,6,1,0.167
25,5,14,D,4,0,0.0
25,5,15,A,6,1,0.167
25,5,15,B,4,0,0.0
25,5,15,C,6,1,0.167
25,5,15,D,4,0,0.0
25,5,16,A,6,0,0.0
25,5,16,B,4,0,0.0
25,5,16,C,6,1,0.167
25,5,16,D,4,0,0.0
25,5,17,A,6,0,0.0
25,5,17,B,4,0,0.0
25,5,17,C,6,0,0.0
25,5,17,D,4,0,0.0
25,5,18,A,6,0,0.0
25,5,18,B,4,0,0.0
25,5,18,C,6,0,0.0
25,5,18,D,4,0,0.0
